;Kode.Dagri;Kode.BPS;Urutan JSON;name;Kode.Geo;Nama.Provinsi;Nama.Kabupaten.Kota;IRBI.2017;IRBI.2018;IRBI.2019;IRBI.2020;IRBI.2021;IRBI.2022;Y_2017;Y_2018;Y_2019;Y_2020;Y_2021;Y_2022;korel
9;1109;1101;0;SIMEULUE;61100;Aceh;Simeulue;162;162;162;162;162;162;0;33,2;32,97;31,38;29,94;33,24;NA
1;1101;1103;1;ACEH SELATAN;60700;Aceh;Aceh Selatan;171,2;171,2;171,2;171,2;171,2;171,2;0;62,29;51,1;54;50,21;46,03;NA
2;1102;1104;2;ACEH TENGGARA;60800;Aceh;Aceh Tenggara;131,2;131,2;131,2;127,23;120,03;124,71;0;65,45;66,4;63,72;61,59;67,35;-0,342409617
3;1103;1105;3;ACEH TIMUR;60400;Aceh;Aceh Timur;188,8;188,8;188,8;176,05;166,74;145,88;0;56,4;44,85;49,19;50,45;54,52;-0,421338542
4;1104;1106;4;ACEH TENGAH;60500;Aceh;Aceh Tengah;124,8;124,8;124,8;124,8;124,8;113,67;0;60,38;51,25;47,53;47,16;50,21;-0,169967566
5;1105;1107;5;ACEH BARAT;60600;Aceh;Aceh Barat;203,2;203,2;203,2;189,04;179,15;0;0;45,17;42,83;45,54;51,39;43,92;-0,209928352
6;1106;1108;6;ACEH BESAR;60100;Aceh;Aceh Besar;211,2;211,2;211,2;211,2;209,78;201,23;0;59,29;57,05;54,8;57,35;56,6;-0,224417248
7;1107;1109;7;PIDIE;60200;Aceh;Pidie;163,2;163,2;163,2;163,2;163,2;163,06;0;63,52;61,93;63,4;56,57;60,72;-0,189065327
11;1111;1110;8;BIREUEN;61200;Aceh;Bireuen;168;168;168;168;168;160,77;0;61,44;63,7;66,01;61,32;60,9;-0,165561911
8;1108;1111;9;ACEH UTARA;60300;Aceh;Aceh Utara;175,2;175,2;175,2;175,2;175,2;159,41;0;52,25;54,89;53,67;57,7;58,19;-0,260464619
12;1112;1112;10;ACEH BARAT DAYA;61700;Aceh;Aceh Barat Daya;183,2;183,2;183,2;183,2;183,2;0;0;61,61;69,52;57,09;54,58;56,58;-0,130855147
13;1113;1113;11;GAYO LUES;61800;Aceh;Gayo Lues;107,2;107,2;107,2;101,41;97,59;0;0;46,34;49,47;55,32;60,35;54,74;-0,27940656
16;1116;1114;12;ACEH TAMIANG;61400;Aceh;Aceh Tamiang;155,2;155,2;155,2;146,52;139,2;120,74;0;48,16;48,11;46,75;48,75;42,47;-0,2584026
15;1115;1115;13;NAGAN RAYA;61500;Aceh;Nagan Raya;203,2;203,2;203,2;203,2;200,08;0;0;55,21;51,52;44,03;46,07;48,38;-0,182758865
14;1114;1116;14;ACEH JAYA;61600;Aceh;Aceh Jaya;197,6;197,6;197,6;178,8;165;169,78;0;53,26;51,46;58,41;49,6;46,79;-0,362205502
17;1117;1117;15;BENER MERIAH;61900;Aceh;Bener Meriah;123,2;123,2;123,2;123,2;119,36;108,1;0;50,43;55,44;54;46,57;51,47;-0,220436154
18;1118;1118;16;PIDIE JAYA;62000;Aceh;Pidie Jaya;137,6;137,6;137,6;137,6;137,6;137,6;0;61,42;59,04;62,58;60,35;67,8;NA
19;1171;1171;17;KOTA BANDA ACEH;66100;Aceh;Kota Banda Aceh;145,83;145,83;145,83;127,31;117,02;0;0;54,89;52,35;52,96;53,31;55,62;-0,31327498
20;1172;1172;18;KOTA SABANG;66000;Aceh;Kota Sabang;125,6;125,6;125,6;116,62;108,65;125,6;0;0;0;0;0;0;NA
22;1174;1173;19;KOTA LANGSA;66300;Aceh;Kota Langsa;143,2;143,2;143,2;143,2;138,73;111,1;0;44,39;41,2;40,38;40,77;42,76;-0,251656553
27;1204;1201;20;NIAS;71100;Sumatera Utara;Nias;214;214;214;214;210,71;214;48,06;35,47;32,27;37,2;40,62;41,38;-0,129473424
36;1213;1202;21;MANDAILING NATAL;71500;Sumatera Utara;Mandailing Natal;214,8;214,8;214,8;214,8;214,8;214,8;47,54;45,22;41,46;40,86;42,15;41,46;NA
26;1203;1203;22;TAPANULI SELATAN;71000;Sumatera Utara;Tapanuli Selatan;186;186;186;186;176,35;141,3;50,54;52,3;49,74;51,4;52,68;49,67;0,403180851
24;1201;1204;23;TAPANULI TENGAH;70900;Sumatera Utara;Tapanuli Tengah;191,2;191,2;191,2;191,2;191,2;191,2;44,09;38,85;39,14;35,23;42,83;38,91;NA
25;1202;1205;24;TAPANULI UTARA;70800;Sumatera Utara;Tapanuli Utara;118;118;118;118;118;118;47,38;44,69;46,31;51,26;56,68;46,06;NA
35;1212;1206;25;TOBA SAMOSIR;71600;Sumatera Utara;Toba Samosir;107,2;107,2;107,2;107,2;107,2;107,2;63,72;59,43;61,95;60,41;60,63;62,86;NA
33;1210;1207;26;LABUHAN BATU;70700;Sumatera Utara;Labuhanbatu;151,2;151,2;151,2;151,2;151,2;151,2;49,99;46,35;49,77;50,19;47,17;38,98;NA
32;1209;1208;27;ASAHAN;70600;Sumatera Utara;Asahan;167,2;167,2;167,2;167,2;167,2;99,35;59,9;57,38;61,54;57,14;56,18;61,64;-0,551572266
31;1208;1209;28;SIMALUNGUN;70400;Sumatera Utara;Simalungun;73,59;73,59;73,59;73,59;80,07;95,2;56,77;57,44;52,19;52,7;52,47;53,91;-0,18800705
34;1211;1210;29;DAIRI;70500;Sumatera Utara;Dairi;127,6;127,6;127,6;127,6;119,44;92,03;51,75;52,45;49,69;53,94;51,53;49,2;0,626260861
29;1206;1211;30;KARO;70300;Sumatera Utara;Karo;125,24;120,99;120,99;120,99;117,09;100,62;55,5;56,15;63,2;67,25;70,93;70,22;-0,647071012
30;1207;1212;31;DELI SERDANG;70100;Sumatera Utara;Deli Serdang;108,28;121,73;121,73;121,73;128,13;126,08;57,47;58,24;55,45;63,46;59,86;60,92;0,360402084
28;1205;1213;32;LANGKAT;70200;Sumatera Utara;Langkat;143,54;140,68;138,62;138,62;137,23;155,2;58,2;53,02;46,93;50,4;48,8;46,85;-0,134401661
37;1214;1214;33;NIAS SELATAN;71700;Sumatera Utara;Nias Selatan;202;202;202;202;187,94;200,89;44,22;43,76;43,77;42,77;42,61;36,94;0,02949338
39;1216;1215;34;HUMBANG HASUNDUTAN;71900;Sumatera Utara;Humbang Hasundutan;130;130;130;130;130;121,1;47,95;48,91;41,75;47,11;43,28;41,94;0,492546031
38;1215;1216;35;PAKPAK BHARAT;71800;Sumatera Utara;Pakpak Bharat;112;112;112;112;112;97,73;31,63;34,15;39,75;34,97;38,07;37,37;-0,228408796
40;1217;1217;36;SAMOSIR;72000;Sumatera Utara;Samosir;114;114;114;114;114;114;52,06;51,34;53,05;46,8;53,83;55,4;NA
41;1218;1218;37;SERDANG BEDAGAI;72100;Sumatera Utara;Serdang Bedagai;140;140;140;140;124,57;123,35;57,2;57,95;58,08;60,85;55,06;56,92;0,674269488
42;1219;1219;38;BATU BARA;72200;Sumatera Utara;Batu Bara;143,2;143,2;143,2;143,2;143,2;143,2;54,04;52,03;52,7;56,93;56,39;55,39;NA
43;1220;1220;39;PADANG LAWAS UTARA;72300;Sumatera Utara;Padang Lawas Utara;138;138;138;138;138;138;41,7;43,5;44,23;40,18;41,07;41,1;NA
44;1221;1221;40;PADANG LAWAS;72400;Sumatera Utara;Padang Lawas;154;154;154;154;154;149,84;39,26;38,72;33,01;34,89;37,82;37,21;-0,079732031
45;1222;1222;41;LABUHAN BATU SELATAN;72600;Sumatera Utara;Labuhanbatu Selatan;131,2;131,2;131,2;131,2;131,2;131,2;51,87;35,26;37,98;37,96;43,75;40,24;NA
46;1223;1223;42;LABUHAN BATU UTARA;72500;Sumatera Utara;Labuhanbatu Utara;155,2;155,2;155,2;155,2;155,2;155,2;52,51;47,42;45,61;45,75;42,41;40,37;NA
47;1224;1224;43;NIAS UTARA;72800;Sumatera Utara;Nias Utara;214;214;214;214;214;214;38,86;41,58;44,61;41,83;41,31;42,06;NA
48;1225;1225;44;NIAS BARAT;72700;Sumatera Utara;Nias Barat;210,8;210,8;210,8;210,8;210,8;210,8;42,4;40,5;37,63;39,2;44,81;41,71;NA
84;1409;1401;45;KUANTAN SINGINGI;91400;Riau;Kuantan Singingi;131,2;131,2;131,2;131,2;131,2;131,2;0;39,2;35,75;33,61;38,22;43,32;NA
77;1402;1402;46;INDRAGIRI HULU;90400;Riau;Indragiri Hulu;132,4;132,4;132,4;132,4;132,4;132,04;0;36,2;40,91;40,59;41,15;38,95;-0,180319985
79;1404;1403;47;INDRAGIRI HILIR;90500;Riau;Indragiri Hilir;168,4;168,4;168,4;168,4;168,4;168,4;0;46,9;36,61;40,2;42,37;40,62;NA
80;1405;1404;48;PELALAWAN;90800;Riau;Pelalawan;156,4;156,4;156,4;156,4;156,4;156,4;0;31,9;33,37;27,81;38,16;38,44;NA
83;1408;1405;49;SIAK;91100;Riau;Siak;156,4;156,4;156,4;156,4;143,11;104,35;0;44,5;36,55;42,32;43,27;46,16;-0,358194933
76;1401;1406;50;KAMPAR;90100;Riau;Kampar;155,2;155,2;155,2;155,2;139,93;111,28;0;35;29,42;38,08;33,61;39,58;-0,394819776
81;1406;1407;51;ROKAN HULU;90900;Riau;Rokan Hulu;155,2;155,2;155,2;155,2;155,2;155,2;0;34,6;35,76;37,55;33,3;39,66;NA
78;1403;1408;52;BENGKALIS;90200;Riau;Bengkalis;156,4;156,4;156,4;156,4;140,37;102;0;31;36,39;41,83;39,94;42,15;-0,389059154
82;1407;1409;53;ROKAN HILIR;91000;Riau;Rokan Hilir;167,2;167,2;167,2;167,2;155,57;137,85;0;36,1;41,98;39,07;51,4;49,83;-0,505134958
85;1410;1410;54;KEPULAUAN MERANTI;91500;Riau;Kepulauan Meranti;147,6;147,6;147,6;147,6;147,6;147,6;0;33,4;28,67;27,95;29,37;34,22;NA
86;1471;1471;55;KOTA PEKANBARU;96000;Riau;Kota Pekanbaru;132,4;132,4;132,4;132,4;130,37;132,4;0;0;0;0;0;0;NA
87;1472;1473;56;KOTA DUMAI;96200;Riau;Kota Dumai;108,4;108,4;108,4;108,4;108,4;108,4;0;30,3;39,06;29,65;24,22;32,8;NA
88;1501;1501;57;KERINCI;100300;Jambi;Kerinci;136,34;136,34;136,34;136,34;125,06;101,88;0;51,7;53,1;51,51;53,9;52,4;-0,27605435
89;1502;1502;58;MERANGIN;100900;Jambi;Merangin;166;166;166;166;166;166;0;40,7;40,6;43,9;38,8;40,4;NA
90;1503;1503;59;SAROLANGUN;100300;Jambi;Sarolangun;148,85;131,44;131,44;131,44;131,44;140,63;0;31,6;37,7;33,4;36,9;38,6;-0,801287832
91;1504;1504;60;BATANG HARI;100100;Jambi;Batanghari;120,4;120,4;120,4;120,4;120,4;120,4;0;40,2;33,5;43,6;41,4;39,9;NA
92;1505;1505;61;MUARO JAMBI;100700;Jambi;Muaro Jambi;132,4;132,4;132,4;132,4;127,31;116,25;0;36,1;29;41,3;38,4;39,1;-0,346742915
94;1507;1506;62;TANJUNG JABUNG TIMUR;100800;Jambi;Tanjung Jabung Timur;156,4;156,4;156,4;156,4;156,4;156,4;0;37,6;42,9;44,5;41,4;38,1;NA
93;1506;1507;63;TANJUNG JABUNG BARAT;100400;Jambi;Tanjung Jabung Barat;156,4;156,4;156,4;156,4;143,88;97,71;0;44,5;41,6;41,3;43,7;41;-0,213829231
96;1509;1508;64;TEBO;100600;Jambi;Tebo;131,2;131,2;131,2;131,2;131,2;131,2;0;46,7;38,3;45,5;50;48,1;NA
95;1508;1509;65;BUNGO;100200;Jambi;Bungo;143,2;143,2;143,2;143,2;143,2;131,47;0;43,7;39;37,3;36,5;41,5;-0,254129825
97;1571;1571;66;KOTA JAMBI;106000;Jambi;Kota Jambi;126,9;126,9;126,9;126,9;127,23;101,44;0;40,6;32,6;42,9;38,2;42,1;-0,275964163
227;3471;3471;67;KOTA YOGYAKARTA;46000;DI Yogyakarta;Kota Yogyakarta;78,46;73;72,86;72,86;72,57;62,18;0;54,23;51,82;52,71;52,88;55;-0,626697807
228;3501;3501;68;PACITAN;51200;Jawa Timur;Pacitan;192,03;126,21;124,13;124,78;131,88;105,52;51,64;46,92;44,84;43,51;46,64;50,56;0,471015399
229;3502;3502;69;PONOROGO;51100;Jawa Timur;Ponorogo;155,2;140,77;129,95;120,95;112,48;91,77;57,63;57,85;55,48;57,99;58,87;57,39;-0,128633471
230;3503;3503;70;TRENGGALEK;51700;Jawa Timur;Trenggalek;198;170,91;152,08;139,3;130,29;105,04;63,12;50,19;54,81;55,24;51,78;52,64;0,612839126
231;3504;3504;71;TULUNGAGUNG;51600;Jawa Timur;Tulungagung;201,2;169,75;152,94;140,39;128,23;100,11;55,4;62,23;56,8;58,44;59,7;54,58;0,151314622
232;3505;3505;72;BLITAR;51500;Jawa Timur;Blitar;210;198,06;185,57;169,22;154,75;110,61;56,73;58,95;61,9;56,57;64,02;63,51;-0,674322765
233;3506;3506;73;KEDIRI;51300;Jawa Timur;Kediri;178;163,09;146,58;136,75;127,63;97,31;53,35;58,6;56,49;59,38;56,45;57,78;-0,462973196
234;3507;3507;74;MALANG;51800;Jawa Timur;Malang;199,81;142,1;139,58;139,35;146,98;121,83;62,7;54,12;58,08;59,49;60,28;59,37;0,562647883
235;3508;3508;75;LUMAJANG;52100;Jawa Timur;Lumajang;200,76;129,74;122,33;115,06;134,73;99,49;57,74;55,85;53,1;54,05;52,07;54,13;0,692901327
236;3509;3509;76;JEMBER;52400;Jawa Timur;Jember;219,07;198,8;190,13;162,85;152,63;123,65;56,36;55,88;49,91;48,54;49,64;51,18;0,667303439
237;3510;3510;77;BANYUWANGI;52500;Jawa Timur;Banyuwangi;206,44;168,29;151,32;137,16;128,03;100,64;64,14;62,76;54,6;56,06;57,61;59,34;0,594073975
238;3511;3511;78;BONDOWOSO;52200;Jawa Timur;Bondowoso;166;166;162,97;136,38;116,61;93,92;50,55;50;47,02;48,15;50,16;50,02;-0,240031565
239;3512;3512;79;SITUBONDO;52300;Jawa Timur;Situbondo;168,4;168,4;152,8;130,27;114,15;84,43;55,91;55,98;55,47;52,39;49,74;52,23;0,809945886
240;3513;3513;80;PROBOLINGGO;52000;Jawa Timur;Probolinggo;194;162,29;171,8;154,13;139,18;106,22;45,43;45,78;49,1;52,16;51,34;54,71;-0,865991034
241;3514;3514;81;PASURUAN;51900;Jawa Timur;Pasuruan;214;214;179,24;154,64;137,01;95,82;62,28;58,02;50,1;51,37;52,67;53,04;0,63027365
242;3515;3515;82;SIDOARJO;50200;Jawa Timur;Sidoarjo;132,02;85,29;81,17;78,89;84,9;66,17;61,75;67,48;68,48;60,93;62,14;62,63;-0,206700559
21;1173;1174;83;KOTA LHOKSEUMAWE;66200;Aceh;Kota Lhokseumawe;136,92;130,11;130,11;130,11;130,11;138,77;0;46,05;49,34;55,31;57;52,96;-0,488362827
23;1175;1175;84;KOTA SUBULUSSALAM;66400;Aceh;Kota Subulussalam;95,2;95,2;95,2;95,2;95,2;95,2;0;55,41;50,48;51,69;53,37;54,56;NA
51;1273;1271;85;KOTA SIBOLGA;76500;Sumatera Utara;Kota Sibolga;167,2;167,2;167,2;167,2;167,2;167,2;0;0;0;0;0;0;NA
52;1274;1272;86;KOTA TANJUNG BALAI;76400;Sumatera Utara;Kota Tanjung Balai;114;114;114;114;114;114;50,02;50,95;53,29;56,58;51,9;50,22;NA
50;1272;1273;87;KOTA PEMATANG SIANTAR;76300;Sumatera Utara;Kota Pematangsiantar;91,2;91,2;91,2;91,2;91,2;91,2;61,18;60,55;62,43;61,57;61,83;63,32;NA
54;1276;1274;88;KOTA TEBING TINGGI;76200;Sumatera Utara;Kota Tebing Tinggi;101,6;101,6;101,6;101,6;100,04;82,48;54,32;52,38;62,24;55,17;52,73;49,95;0,548759375
49;1271;1275;89;KOTA MEDAN;76000;Sumatera Utara;Kota Medan;100,61;93,77;93,77;93,77;93,77;80,75;43,96;45,96;50,91;54,35;50,6;53,22;-0,637930507
53;1275;1276;90;KOTA BINJAI;76100;Sumatera Utara;Kota Binjai;103,2;103,2;103,2;103,2;103,2;103,2;41,76;41,81;40,15;54,05;51,86;50,34;NA
55;1277;1277;91;KOTA PADANG SIDEMPUAN;76600;Sumatera Utara;Kota Padang Sidempuan;128;128;128;128;128;128;53,49;51,57;50,29;55,51;52,33;55,1;NA
56;1278;1278;92;KOTA GUNUNGSITOLI;76700;Sumatera Utara;Kota Gunungsitoli;215,6;215,6;215,6;215,6;215,6;215,6;52,32;52,26;51,7;56,84;49,06;51,59;NA
65;1309;1301;93;KEPULAUAN MENTAWAI;81000;Sumatera Barat;Kepulauan Mentawai;197,2;197,2;197,2;197,2;197,2;0;24,01;26,35;25,17;24,71;24,97;22,98;0,741119848
57;1301;1302;94;PESISIR SELATAN;80600;Sumatera Barat;Pesisir Selatan;189,6;189,6;189,6;189,6;169,42;114,55;55,79;50,27;51,06;48,05;48,01;56,17;-0,502185938
58;1302;1303;95;SOLOK;80400;Sumatera Barat;Solok;137,2;137,2;137,2;137,2;137,2;0;56,77;50,61;49,38;46,44;52,63;54,5;-0,367341719
59;1303;1304;96;SIJUNJUNG;80800;Sumatera Barat;Sijunjung;107,2;107,2;107,2;107,2;107,2;0;42,94;39,89;34,17;39,1;36,67;38,45;0,014296627
60;1304;1305;97;TANAH DATAR;80700;Sumatera Barat;Tanah Datar;125,2;125,2;125,2;125,2;125,2;0;56,08;52,67;56,12;53,35;56,39;54,76;0,041835333
61;1305;1306;98;PADANG PARIAMAN;80500;Sumatera Barat;Padang Pariaman;184,11;184,11;180,72;167,21;156,73;0;52,57;46,05;48,04;46,98;45,37;49,58;-0,18744374
62;1306;1307;99;AGAM;80100;Sumatera Barat;Agam;209,2;209,2;209,2;209,2;193,52;0;53,75;51,67;49,32;52,36;51,4;49,54;0,526923071
63;1307;1308;100;LIMA PULUH KOTA;80300;Sumatera Barat;Lima Puluh Kota;119,2;119,2;119,2;119,2;119,2;64,33;48,03;43,07;41,49;43,6;43,99;46,46;-0,414815586
64;1308;1309;101;PASAMAN;80200;Sumatera Barat;Pasaman;178;178;178;178;176,8;0;50,17;42,63;43,62;45;45,93;48,84;-0,467080267
67;1311;1310;102;SOLOK SELATAN;81100;Sumatera Barat;Solok Selatan;137,2;137,2;137,2;137,2;137,2;0;46,05;42,49;42,33;35,54;40,07;41,3;-0,000472469
66;1310;1311;103;DHARMASRAYA;81200;Sumatera Barat;Dharmasraya;143,2;143,2;143,2;143,2;137,69;0;46,03;43,2;46,29;44,59;48,86;47,63;-0,396818909
68;1312;1312;104;PASAMAN BARAT;81300;Sumatera Barat;Pasaman Barat;203,2;203,2;203,2;203,2;203,2;0;49,93;49,51;45,7;46,98;47,4;50,19;-0,506067141
69;1371;1371;105;KOTA PADANG;86100;Sumatera Barat;Kota Padang;191,6;191,6;169,92;169,92;181,7;190,62;49,4;46,71;50,13;45,48;50,43;51,08;0,243031558
131;1806;1802;106;TANGGAMUS;120600;Lampung;Tanggamus;141;135,86;135,86;135,86;135,86;181,22;56,46;58,39;49,82;55,07;54,68;57,03;0,322209395
126;1801;1803;107;LAMPUNG SELATAN;120100;Lampung;Lampung Selatan;187,2;187,2;187,2;187,2;187,2;150,32;54,64;55,07;60,33;56,91;64,54;60,28;-0,21309214
132;1807;1804;108;LAMPUNG TIMUR;120700;Lampung;Lampung Timur;183,2;183,2;183,2;183,2;183,2;183,2;52,04;44,23;44;48,43;47,55;48,99;NA
70;1372;1372;109;KOTA SOLOK;86400;Sumatera Barat;Kota Solok;125,2;125,2;125,2;125,2;125,2;93,92;57,3;52,09;57,57;64,67;58,72;64,66;-0,556696141
71;1373;1373;110;KOTA SAWAH LUNTO;86300;Sumatera Barat;Kota Sawahlunto;113,2;113,2;113,2;113,2;113,2;72,82;53,87;47,66;46,99;42,91;54,17;62,61;-0,786836791
72;1374;1374;111;KOTA PADANG PANJANG;86200;Sumatera Barat;Kota Padang Panjang;113,2;113,2;113,2;113,2;113,2;0;64;46,96;55,09;57,67;62,91;70,01;-0,644898748
127;1802;1805;112;LAMPUNG TENGAH;120200;Lampung;Lampung Tengah;131,2;131,2;131,2;131,2;131,2;97,31;51,76;45,78;46,33;52,6;48,8;55,76;-0,704177079
128;1803;1806;113;LAMPUNG UTARA;120300;Lampung;Lampung Utara;131,2;131,2;131,2;131,2;131,2;131,2;52,5;43,25;41;44,21;43,83;46,3;NA
133;1808;1807;114;WAY KANAN;120800;Lampung;Way Kanan;131,2;131,2;131,2;131,2;131,2;94,09;53,72;49,82;33,79;44,37;47,25;47,58;-0,107758485
130;1805;1808;115;TULANGBAWANG;120500;Lampung;Tulang Bawang;144,4;144,4;144,4;144,4;144,4;105,4;44,88;44,55;42,26;38,65;44,2;40,96;0,324845742
134;1809;1809;116;PESAWARAN;120900;Lampung;Pesawaran;181,6;181,6;181,6;181,6;181,6;153,59;54,2;55,12;54,11;51,3;53,34;55,89;-0,585232702
135;1810;1810;117;PRINGSEWU;121000;Lampung;Pringsewu;95,2;95,2;95,2;95,2;95,2;95,2;54,48;56,87;52,57;56,8;56,63;58,37;NA
136;1811;1811;118;MESUJI;121100;Lampung;Mesuji;120,4;120,4;120,4;120,4;120,4;120,27;44,54;51,23;43,89;41,48;51,79;51,5;-0,435095035
137;1812;1812;119;TULANG BAWANG BARAT;121200;Lampung;Tulang Bawang Barat;120,4;120,4;120,4;120,4;120,4;120,2;51,45;37,59;50,52;47,73;48,33;49,44;-0,18728466
138;1813;1813;120;PESISIR BARAT;121300;Lampung;Pesisir Barat;214;204,22;179,29;179,29;189,7;214;52,87;51,02;46,16;47,06;51;50,98;0,871941778
139;1871;1871;121;KOTA BANDAR LAMPUNG;126000;Lampung;Kota Bandar Lampung;182;165,56;165,56;165,56;165,56;77,1;59,86;56,32;54,71;47,92;54,49;55,37;0,042182623
140;1872;1872;122;KOTA METRO;126100;Lampung;Kota Metro;113,6;113,6;113,6;113,6;100,26;73,23;54,09;48,18;43,6;57,24;46,74;55,03;-0,263859718
243;3516;3516;123;MOJOKERTO;50300;Jawa Timur;Mojokerto;163,6;163,6;142,2;125,4;110,73;80,29;59,85;59,42;61,78;57,37;57,95;58,29;0,53497279
244;3517;3517;124;JOMBANG;50400;Jawa Timur;Jombang;154,8;154,8;145,38;144,77;137;114,98;58,93;62,15;61,32;61,51;59,46;62,18;-0,32389769
245;3518;3518;125;NGANJUK;51400;Jawa Timur;Nganjuk;152,8;152,8;135,14;122,12;112,86;86,15;57,96;59,4;61,45;61,4;59,26;54,46;0,521193283
246;3519;3519;126;MADIUN;50800;Jawa Timur;Madiun;155,2;155,2;136,99;153,86;136,02;92,5;63,27;58,54;61,65;61,1;60,99;56,65;0,686386132
247;3520;3520;127;MAGETAN;51000;Jawa Timur;Magetan;152,8;152,8;141,53;160,47;137,39;80,78;65,11;63,53;61,72;66,01;63,37;61,92;0,666744406
248;3521;3521;128;NGAWI;50900;Jawa Timur;Ngawi;143,2;143,2;143,18;136,9;132,3;112,05;57,09;60,64;63,44;66,54;61,09;60,63;0,016842296
249;3522;3522;129;BOJONEGORO;50500;Jawa Timur;Bojonegoro;101,38;96,93;96,56;94,91;94,19;84,29;54,95;53,47;53,71;53,74;50,07;53,48;0,257015044
250;3523;3523;130;TUBAN;50600;Jawa Timur;Tuban;175,2;175,2;175,2;162,69;150,74;114,5;58,31;56,39;57,01;54,91;55,58;58,94;-0,381513483
251;3524;3524;131;LAMONGAN;50700;Jawa Timur;Lamongan;167,36;139,55;126,3;118,6;113,9;94,57;61,45;60,85;59,78;59,86;57,25;60,88;0,419538029
252;3525;3525;132;GRESIK;50100;Jawa Timur;Gresik;126,77;101,35;123,51;116,19;115,3;108,62;65,55;59,97;59,65;60,84;61,84;64,88;0,249422726
253;3526;3526;133;BANGKALAN;52900;Jawa Timur;Bangkalan;158,66;139,01;137,38;127,67;121;106,09;64,05;59,47;50,59;47,06;46,38;48,71;0,820695185
254;3527;3527;134;SAMPANG;52700;Jawa Timur;Sampang;154,8;154,8;151,51;141,03;130,59;98,38;51,75;50,01;47,27;50,73;51,27;49,47;0,035539482
255;3528;3528;135;PAMEKASAN;52600;Jawa Timur;Pamekasan;180,4;180,4;180,4;184,83;157,1;86,59;50,05;51,63;45,27;50,48;51,11;52,7;-0,514760645
73;1375;1375;136;KOTA BUKITTINGGI;86000;Sumatera Barat;Kota Bukittinggi;130;130;130;130;130;123,39;67,24;58,63;65,41;60,91;69,32;66,09;-0,180931776
74;1376;1376;137;KOTA PAYAKUMBUH;86500;Sumatera Barat;Kota Payakumbuh;104,8;104,8;104,8;104,8;104,8;104,8;54,63;47;45,57;49,16;50,02;54,99;NA
75;1377;1377;138;KOTA PARIAMAN;86600;Sumatera Barat;Kota Pariaman;171,2;171,2;171,2;171,2;171,2;124,79;58,93;49,5;56,45;49,05;47,11;51,93;0,024586554
210;3323;3323;139;TEMANGGUNG;32300;Jawa Tengah;Temanggung;143,2;143,2;143,2;134,51;121,33;84,85;0;64,2;63,25;61,79;58,73;57,09;-0,219555133
211;3324;3324;140;KENDAL;32400;Jawa Tengah;Kendal;142,49;124,57;111,2;98,97;100,4;92,1;0;54,12;58,82;54,25;55,27;54,24;-0,788474311
212;3325;3325;141;BATANG;32500;Jawa Tengah;Batang;168,4;168,4;168,4;168,4;161,93;137,12;0;48,17;50,15;49,4;49,97;50,91;-0,276645834
213;3326;3326;142;PEKALONGAN;32600;Jawa Tengah;Pekalongan;183,2;183,2;183,2;172,56;160,19;132,42;0;47,35;50,27;46,48;44,42;44,52;-0,257996232
214;3327;3327;143;PEMALANG;32700;Jawa Tengah;Pemalang;206;185,7;185,7;165,97;146,38;86,96;0;51,06;57,19;53,26;54,19;53,07;-0,485529136
215;3328;3328;144;TEGAL;32800;Jawa Tengah;Tegal;212,8;212,8;212,8;181,08;158,93;100,26;0;56,69;48,32;53,7;52,42;53,13;-0,365567881
216;3329;3329;145;BREBES;32900;Jawa Tengah;Brebes;211,2;211,2;211,2;189,94;189,94;126,83;0;53,03;54,31;60,91;54,58;56,1;-0,34408506
217;3371;3371;146;KOTA MAGELANG;36000;Jawa Tengah;Kota Magelang;108;108;108;108;108;108;0;51,99;59,09;57,79;51,52;54,29;NA
218;3372;3372;147;KOTA SURAKARTA;36100;Jawa Tengah;Kota Surakarta;80;80;80;67,96;67,96;32;0;69,19;64;62,05;54,55;57,78;-0,202576758
219;3373;3373;148;KOTA SALATIGA;36200;Jawa Tengah;Kota Salatiga;91,2;91,2;91,2;91,2;91,2;90,18;0;60,1;57,2;60,38;55,48;55,6;-0,154659446
220;3374;3374;149;KOTA SEMARANG;36300;Jawa Tengah;Kota Semarang;124,72;120,75;113,83;115,52;108,63;91,52;0;54,64;53,2;55,93;47,35;51,84;-0,457077296
221;3375;3375;150;KOTA PEKALONGAN;36400;Jawa Tengah;Kota Pekalongan;147,6;147,6;147,6;138,13;138,13;116,05;0;53,67;55,36;47,7;51,52;56,88;-0,375454146
222;3376;3376;151;KOTA TEGAL;36500;Jawa Tengah;Kota Tegal;116,8;116,8;116,8;116,8;116,8;78,66;0;63,71;58,08;35,64;48,38;50,78;-0,17060203
223;3401;3401;152;KULON PROGO;40400;DI Yogyakarta;Kulon Progo;203,2;203,2;203,2;203,2;180,8;104,62;0;60,55;58,34;52,38;57,37;60,42;-0,301127871
224;3402;3402;153;BANTUL;40100;DI Yogyakarta;Bantul;187,2;187,2;187,2;187,2;157,3;121,7;0;57,35;57,61;56,6;57,53;56,2;-0,274191888
225;3403;3403;154;GUNUNG KIDUL;40300;DI Yogyakarta;Gunungkidul;157,6;157,6;157,6;157,6;142,09;76,51;0;53,68;40,6;41,89;47,01;46,17;-0,249555929
226;3404;3404;155;SLEMAN;40200;DI Yogyakarta;Sleman;99,46;90,17;83,72;83,72;78,96;82,45;0;49,03;47,23;46,84;50,39;50,23;-0,877977624
98;1572;1572;156;KOTA SUNGAI PENUH;106100;Jambi;Kota Sungai Penuh;124,4;124,4;124,4;124,4;116,44;89,4;0;60,2;60,9;61,3;63,1;61,3;-0,256960179
99;1601;1601;157;OGAN KOMERING ULU;110300;Sumatera Selatan;Ogan Komering Ulu;155,2;155,2;155,2;155,2;155,2;122,92;0;46,47;49,15;45,45;43,86;46,02;-0,194771994
100;1602;1602;158;OGAN KOMERING ILIR;110200;Sumatera Selatan;Ogan Komering Ilir;153,2;153,2;153,2;153,2;153,2;130,39;0;50,65;50,71;54,5;54,82;54,3;-0,228648284
101;1603;1603;159;MUARA ENIM;110400;Sumatera Selatan;Muara Enim;155,2;155,2;155,2;155,2;155,2;147,39;0;46,57;41,42;41,45;39,97;45,62;-0,270003741
102;1604;1604;160;LAHAT;110500;Sumatera Selatan;Lahat;109,07;109,07;109,07;109,07;116,55;133,17;0;53,96;50,44;49,6;48,15;51,93;0,271411318
103;1605;1605;161;MUSI RAWAS;110600;Sumatera Selatan;Musi Rawas;155,2;155,2;155,2;155,2;145,27;150,85;0;50,15;47,19;54,16;58,97;55,6;-0,429647559
104;1606;1606;162;MUSI BANYU ASIN;110100;Sumatera Selatan;Musi Banyuasin;132,4;132,4;132,4;132,4;125,53;99,96;0;45,18;46,34;46,83;47,41;48,8;-0,298793388
105;1607;1607;163;BANYU ASIN;110700;Sumatera Selatan;Banyuasin;136,95;136,95;136,07;141,43;137,81;112,13;0;48,84;43,43;43,43;48;50,42;-0,251630604
107;1609;1608;164;OGAN KOMERING ULU SELATAN;110900;Sumatera Selatan;Ogan Komering Ulu Selatan;130;130;130;130;120,26;73,23;0;44,51;51,93;51,54;58,01;55,9;-0,336177326
106;1608;1609;165;OGAN KOMERING ULU TIMUR;110800;Sumatera Selatan;Ogan Komering Ulu Timur;131,2;131,2;131,2;131,2;131,2;131,2;0;65,98;62,46;63,59;60,01;64,91;NA
108;1610;1610;166;OGAN ILIR;111000;Sumatera Selatan;Ogan Ilir;132,4;132,4;132,4;120,56;116,43;112,51;0;47,59;37,48;37,61;41,76;49,61;-0,481612462
109;1611;1611;167;EMPAT LAWANG;111100;Sumatera Selatan;Empat Lawang;158;158;158;158;153,07;157,2;0;41,73;39,62;44,81;42,17;45,76;-0,230359755
110;1612;1612;168;PENUKAL ABAB LEMATANG ILIR;111200;Sumatera Selatan;Penukal Abab Lematang Ilir;155,2;155,2;155,2;155,2;155,2;113,09;0;40,66;40,08;40,06;43,03;42,31;-0,230888985
111;1613;1613;169;MUSI RAWAS UTARA;111300;Sumatera Selatan;Musi Rawas Utara;155,2;155,2;155,2;155,2;154,15;115,68;0;42,94;39,36;45,67;42,62;41,81;-0,18615426
112;1671;1671;170;KOTA PALEMBANG;116000;Sumatera Selatan;Kota Palembang;131,6;131,6;131,6;131,6;131,6;131,6;0;54,65;46,45;42,32;41,62;46,67;NA
115;1674;1672;171;KOTA PRABUMULIH;116100;Sumatera Selatan;Kota Prabumulih;132,4;132,4;132,4;132,4;132,4;132,4;0;50,67;40,82;39,52;38,77;39,96;NA
113;1672;1673;172;KOTA PAGAR ALAM;116300;Sumatera Selatan;Kota Pagar Alam;126,4;126,4;126,4;126,4;126,4;126,4;0;53,07;47,73;53,11;53,95;56,7;NA
114;1673;1674;173;KOTA LUBUK LINGGAU;116200;Sumatera Selatan;Kota Lubuk Linggau;124,8;124,8;124,8;124,8;124,8;124,8;0;50,55;57,27;51,54;52,94;52,07;NA
116;1701;1701;174;BENGKULU SELATAN;260300;Bengkulu;Bengkulu Selatan;186,4;186,4;186,4;186,4;186,4;0;0;44,34;41,58;43,55;48,4;47,08;-0,253492421
117;1702;1702;175;REJANG LEBONG;260200;Bengkulu;Rejang Lebong;113,59;113,59;100,71;100,71;92,58;146;0;44,8;50,32;52,93;51,91;48,3;-0,134729253
118;1703;1703;176;BENGKULU UTARA;260100;Bengkulu;Bengkulu Utara;205,6;205,6;205,6;205,6;186,25;196,05;0;39,79;44,08;45,72;43,03;47,34;-0,307346173
119;1704;1704;177;KAUR;260700;Bengkulu;Kaur;203,2;203,2;203,2;203,2;196,86;149,15;0;39,73;39,57;40,14;43,09;46,83;-0,371016756
120;1705;1705;178;SELUMA;260800;Bengkulu;Seluma;191,2;191,2;191,2;191,2;165,74;144,12;0;39,23;37,56;37,63;43,29;40,33;-0,373122453
121;1706;1706;179;MUKOMUKO;260400;Bengkulu;Muko Muko;166,02;166,02;166,02;166,02;172,29;0;0;56,49;54,93;58,68;55,81;59,86;-0,247518683
122;1707;1707;180;LEBONG;260600;Bengkulu;Lebong;118;118;118;118;118;101,62;0;48,62;61,67;50,96;60,87;64,95;-0,344822772
123;1708;1708;181;KEPAHIANG;260500;Bengkulu;Kepahiang;138;138;138;138;138;69,63;0;44,7;50,44;46,76;45,94;47,87;-0,21742108
124;1709;1709;182;BENGKULU TENGAH;260900;Bengkulu;Bengkulu Tengah;173,2;173,2;173,2;173,2;167,8;0;0;37,37;37,15;39,51;38,83;39,05;-0,228462051
125;1771;1771;183;KOTA BENGKULU;266000;Bengkulu;Kota Bengkulu;148,12;137,68;137,68;137,68;147,5;159,55;0;47,46;51,78;51,34;50,34;48,62;-0,216096194
129;1804;1801;184;LAMPUNG BARAT;120400;Lampung;Lampung Barat;214;204,22;179,29;179,29;163,85;212,58;53,23;52,36;43,39;42,6;49,31;48,19;0,567724777
141;1901;1901;185;BANGKA;290100;Kepulauan Bangka Belitung;Bangka;168,4;168,4;168,4;168,4;168,4;168,4;0;18,27148438;20,76828519;28,39514979;29,775;31,41;NA
142;1902;1902;186;BELITUNG;290200;Kepulauan Bangka Belitung;Belitung;168,4;168,4;168,4;168,4;164,44;111,23;0;25,37918871;26,37647059;21,57635468;23,7883959;26,3;-0,288145306
145;1905;1903;187;BANGKA BARAT;290400;Kepulauan Bangka Belitung;Bangka Barat;180,4;180,4;180,4;180,4;180,4;180,4;0;17,050673;16,79066622;21,90548014;27,0913663;29,11;NA
144;1904;1904;188;BANGKA TENGAH;290300;Kepulauan Bangka Belitung;Bangka Tengah;144,4;144,4;144,4;144,4;144,4;144,4;0;32,45614035;39,19642857;36,86868687;30,32786885;27,6;NA
143;1903;1905;189;BANGKA SELATAN;290500;Kepulauan Bangka Belitung;Bangka Selatan;180,4;180,4;180,4;180,4;180,4;176,14;0;30,26498484;33,91758344;35,31471346;43,06233705;42,98;-0,369499179
146;1906;1906;190;BELITUNG TIMUR;290600;Kepulauan Bangka Belitung;Belitung Timur;168,4;168,4;168,4;168,4;168,4;168,4;0;27,89504717;20,33870968;25,44378698;30,30327869;21,97;NA
147;1971;1971;191;KOTA PANGKAL PINANG;296000;Kepulauan Bangka Belitung;Kota Pangkal Pinang;120,4;120,4;120,4;120,4;120,4;120,4;0;0;0;0;0;0;NA
149;2102;2101;192;KARIMUN;310200;Kepulauan Riau;Karimun;120,4;120,4;120,4;120,4;120,4;120,4;0;26,84;31,38;15,28;34,9;32,32;NA
148;2101;2102;193;BINTAN;310100;Kepulauan Riau;Bintan;132,4;132,4;132,4;132,4;132,4;132,4;0;30,96;45;29,65;34,61;32,34;NA
150;2103;2103;194;NATUNA;310300;Kepulauan Riau;Natuna;112,4;112,4;112,4;112,4;112,4;112,4;0;23,76;34,47;29,52;27,32;30,74;NA
151;2104;2104;195;LINGGA;310400;Kepulauan Riau;Lingga;108,4;108,4;108,4;108,4;108,4;90,92;0;34,13;28,08;32,2;32,99;26,35;-0,027517284
152;2105;2105;196;KEPULAUAN ANAMBAS;310500;Kepulauan Riau;Kepulauan Anambas;112,4;112,4;112,4;112,4;103,4;77,95;0;30,56;41,1;31,97;37,89;32,15;-0,187512092
153;2171;2171;197;KOTA BATAM;316000;Kepulauan Riau;Kota Batam;120,4;120,4;120,4;120,4;117,57;72,21;0;0;0;0;0;0;NA
154;2172;2172;198;KOTA TANJUNG PINANG;316100;Kepulauan Riau;Kota Tanjung Pinang;108,4;108,4;108,4;108,4;108,4;108,4;0;0;0;0;0;0;NA
155;3101;3101;199;KEPULAUAN SERIBU;10100;DKI Jakarta;Administrasi Kepulauan Seribu;64,8;64,8;64,8;56,66;49,46;0;0;0;0;0;0;0;NA
159;3174;3171;200;KOTA JAKARTA SELATAN;16300;DKI Jakarta;Kota Jakarta Selatan;64,75;58,62;52,52;52,18;49,89;0;0;0;0;0;0;0;NA
160;3175;3172;201;KOTA JAKARTA TIMUR;16400;DKI Jakarta;Kota Jakarta Timur;93,18;84,36;75,57;75,08;71,79;0;0;57,6;59,42;55,49;61,14;58,45;-0,390262748
156;3171;3173;202;KOTA JAKARTA PUSAT;16000;DKI Jakarta;Kota Jakarta Pusat;70,61;63,93;57,27;56,9;54,41;0;0;0;0;0;0;0;NA
158;3173;3174;203;KOTA JAKARTA BARAT;16200;DKI Jakarta;Kota Jakarta Barat;88,19;79,85;71,53;71,07;67,95;0;0;46,3;59,49;50,11;64,49;53,62;-0,376473974
157;3172;3175;204;KOTA JAKARTA UTARA;16100;DKI Jakarta;Kota Jakarta Utara;89,66;81,17;72,72;72,25;69,08;0;0;59,41;53,27;49,64;59,48;50,42;-0,29283165
161;3201;3201;205;BOGOR;20500;Jawa Barat;Bogor;152,4;136,88;136,88;136,88;125,31;96,08;0;56,39;55,99;53,68;49,66;53,55;-0,525069551
162;3202;3202;206;SUKABUMI;20600;Jawa Barat;Sukabumi;213,22;190,75;190,75;190,75;192,4;173,09;0;52,79;50,2;55,85;55,07;53,49;-0,817066517
163;3203;3203;207;CIANJUR;20700;Jawa Barat;Cianjur;226,48;207,13;207,13;215,08;197,08;161,95;0;58,13;54,43;54,72;53,88;53,33;-0,49776104
164;3204;3204;208;BANDUNG;20800;Jawa Barat;Bandung;174;174;174;174;161,89;108,69;0;57,01;61,13;55,27;61,46;60,84;-0,284460875
165;3205;3205;209;GARUT;21100;Jawa Barat;Garut;208,63;208,63;208,63;205,52;185;118,05;0;56,16;55,9;54,56;58,36;58,11;-0,30636821
166;3206;3206;210;TASIKMALAYA;21200;Jawa Barat;Tasikmalaya;224,8;203,01;203,01;203,01;186,51;145,18;0;58,49;52,93;60,92;53,77;53;-0,486128404
167;3207;3207;211;CIAMIS;21400;Jawa Barat;Ciamis;173,66;163,29;156,23;141,57;122,22;84,54;0;59,04;54,04;53,43;58,23;54,74;-0,482131608
168;3208;3208;212;KUNINGAN;21500;Jawa Barat;Kuningan;154;154;154;131,13;131,13;72,64;0;57,91;49,76;60,57;58,41;57,53;-0,372976433
169;3209;3209;213;CIREBON;21700;Jawa Barat;Cirebon;181,2;170,79;160,63;160,63;147,51;117,27;0;58,8;57,31;59,72;54,71;58,27;-0,535887815
170;3210;3210;214;MAJALENGKA;21600;Jawa Barat;Majalengka;166;166;166;143,43;124,74;86,03;0;61,63;60,21;57,77;54,79;56,08;-0,283802989
171;3211;3211;215;SUMEDANG;21000;Jawa Barat;Sumedang;162;162;162;142,15;124,39;106,11;0;55,67;53,63;54,96;49,12;52,62;-0,331061623
172;3212;3212;216;INDRAMAYU;21800;Jawa Barat;Indramayu;175,2;167,22;167,22;136,79;114,59;88,24;0;59,93;63,8;60,16;58,12;60,42;-0,440566253
173;3213;3213;217;SUBANG;21900;Jawa Barat;Subang;175,2;175,2;175,2;171,91;168,78;130,38;0;57,07;60,33;57,3;58,52;58,36;-0,251313913
174;3214;3214;218;PURWAKARTA;22000;Jawa Barat;Purwakarta;138;138;138;137,31;124,53;109,71;0;53,11;54,37;52,76;50,98;54,87;-0,309013674
175;3215;3215;219;KARAWANG;22100;Jawa Barat;Karawang;175,2;175,2;175,2;174,43;165,58;139,67;0;56,34;60,16;59,8;62,36;60,05;-0,284619154
176;3216;3216;220;BEKASI;22200;Jawa Barat;Bekasi;152,03;133,03;133,03;132,89;130,11;110,05;0;52,29;56,23;48,86;58,56;53,91;-0,740355433
177;3217;3217;221;BANDUNG BARAT;22300;Jawa Barat;Bandung Barat;119,97;115,01;110,22;110,22;108,18;110,54;0;53,11;54,48;56,39;52,97;52,62;-0,859379983
178;3218;3218;222;PANGANDARAN;22500;Jawa Barat;Pangandaran;192,11;168,52;145,44;145,44;129,21;102,04;0;53,63;58,47;52,87;50,58;49,37;-0,638914087
179;3271;3271;223;KOTA BOGOR;26100;Jawa Barat;Kota Bogor;82,35;75,75;75,75;75,75;65,38;46,59;0;200,18;48,85;45,7;47,69;54,02;0,024120022
180;3272;3272;224;KOTA SUKABUMI;26200;Jawa Barat;Kota Sukabumi;114,4;114,4;114,4;114,4;102,67;70,12;0;54,83;63,17;62,22;61,57;60,91;-0,268701188
181;3273;3273;225;KOTA BANDUNG;26000;Jawa Barat;Kota Bandung;122,32;122,32;122,32;122,32;111,32;83,75;0;45,25;60,23;63,28;69,21;72,21;-0,470362971
182;3274;3274;226;KOTA CIREBON;26300;Jawa Barat;Kota Cirebon;183,18;172,76;172,76;172,76;157,19;103,44;0;68,52;47,2;45,67;53,72;53,93;-0,362916531
183;3275;3275;227;KOTA BEKASI;26500;Jawa Barat;Kota Bekasi;131,6;131,6;131,6;131,6;123,18;129,06;0;90,43;58,76;56,3;48,21;41,15;0,056499633
184;3276;3276;228;KOTA DEPOK;26600;Jawa Barat;Kota Depok;89,63;89,63;89,63;89,63;82,56;62,47;0;56,68;54,72;61,06;53,83;49,57;-0,123214995
185;3277;3277;229;KOTA CIMAHI;26700;Jawa Barat;Kota Cimahi;120,4;120,4;120,4;105,41;91,71;59,38;0;31,51;57,32;56,45;57,78;56,73;-0,501206441
186;3278;3278;230;KOTA TASIKMALAYA;26800;Jawa Barat;Kota Tasikmalaya;119,2;119,2;119,2;119,2;117,37;108,44;0;51,55;51,22;48,02;57,52;55,35;-0,314653429
187;3279;3279;231;KOTA BANJAR;26900;Jawa Barat;Kota Banjar;152,8;152,8;152,8;152,8;152,8;126,95;0;57,02;56,86;53,09;62,24;52,31;-0,113544509
188;3301;3301;232;CILACAP;30100;Jawa Tengah;Cilacap;157,92;138,61;124,2;112,75;112,75;82,67;0;63,97;63,55;67,49;63,9;63,07;-0,68922114
189;3302;3302;233;BANYUMAS;30200;Jawa Tengah;Banyumas;207,2;207,2;207,2;193,71;164,25;84,03;0;54,85;52,09;55,49;55,43;54,16;-0,306430575
190;3303;3303;234;PURBALINGGA;30300;Jawa Tengah;Purbalingga;159,2;159,2;159,2;159,2;148,12;120,33;0;63,41;54,37;56,83;53,65;56,57;-0,230084886
191;3304;3304;235;BANJARNEGARA;30400;Jawa Tengah;Banjarnegara;150;150;150;127,36;127,36;61,54;0;58,02;58,83;52,45;56,39;57,62;-0,313012286
192;3305;3305;236;KEBUMEN;30500;Jawa Tengah;Kebumen;151,08;140,31;131,45;114,67;114,67;72,59;0;57,42;56,09;50,41;52,65;56,4;-0,526766416
193;3306;3306;237;PURWOREJO;30600;Jawa Tengah;Purworejo;215,2;215,2;215,2;190,01;163,63;100,08;0;53,11;53,37;54,83;53,49;55,44;-0,373057955
194;3307;3307;238;WONOSOBO;30700;Jawa Tengah;Wonosobo;135,2;122,94;122,94;122,94;102,83;51,89;0;49,81;50,55;52,7;50,89;50,69;-0,405908533
195;3308;3308;239;MAGELANG;30800;Jawa Tengah;Magelang;90,82;90,82;81,07;71,16;71,16;48,69;0;55,68;53,95;48,32;52,02;53,07;-0,429689949
196;3309;3309;240;BOYOLALI;30900;Jawa Tengah;Boyolali;159,2;159,2;159,2;130,32;130,32;62,95;0;56,05;57,74;47,2;56,17;58,64;-0,362541007
197;3310;3310;241;KLATEN;31000;Jawa Tengah;Klaten;123,2;123,2;123,2;99,24;99,24;42,38;0;57,93;57,74;53,24;57,66;56,61;-0,318000883
198;3311;3311;242;SUKOHARJO;31100;Jawa Tengah;Sukoharjo;93,2;93,2;93,2;93,2;93,2;53,51;0;64,83;69,19;68,71;65,74;64,03;-0,154975319
199;3312;3312;243;WONOGIRI;31200;Jawa Tengah;Wonogiri;145,6;145,6;145,6;124,77;124,77;71,91;0;54,92;54,09;55,7;59,03;56,36;-0,353553557
200;3313;3313;244;KARANGANYAR;31300;Jawa Tengah;Karanganyar;130,4;130,4;130,4;108,03;108,03;52,96;0;62,03;61,76;60,02;59,86;62,02;-0,335832549
201;3314;3314;245;SRAGEN;31400;Jawa Tengah;Sragen;142;142;142;142;133,75;108,51;0;61,15;68,66;65,57;66,28;60,39;-0,185193579
202;3315;3315;246;GROBOGAN;31500;Jawa Tengah;Grobogan;162;162;162;154,66;131,66;64,77;0;59,24;56,72;61,1;60,37;57,58;-0,268243222
203;3316;3316;247;BLORA;31600;Jawa Tengah;Blora;150;150;150;135,33;123,19;92,21;0;58,6;53,09;51,21;48,9;50,02;-0,250135731
204;3317;3317;248;REMBANG;31700;Jawa Tengah;Rembang;171,6;171,6;171,6;151,12;131,73;85,61;0;56,75;44,04;40,31;52,95;52,59;-0,401429598
205;3318;3318;249;PATI;31800;Jawa Tengah;Pati;174;174;174;171,1;171,1;152,54;0;60,23;59,54;58,71;55,37;55,56;-0,208864778
206;3319;3319;250;KUDUS;31900;Jawa Tengah;Kudus;131,6;131,6;131,6;130,59;119,71;64,99;0;61,46;65,79;55,44;56,91;59,07;-0,216698989
207;3320;3320;251;JEPARA;32000;Jawa Tengah;Jepara;163,2;163,2;163,2;148,77;135,11;92,32;0;52,02;53,42;50,11;48,19;50,26;-0,289308937
208;3321;3321;252;DEMAK;32100;Jawa Tengah;Demak;127,42;118,21;118,21;105,77;105,21;100,77;0;61,16;62,47;61,76;61,93;59,75;-0,694917671
209;3322;3322;253;SEMARANG;32200;Jawa Tengah;Semarang;143,2;143,2;143,2;118,89;118,89;61,86;0;57,44;54,56;58,08;52,62;53,03;-0,289051629
256;3529;3529;254;SUMENEP;52800;Jawa Timur;Sumenep;204,8;204,8;196,36;169,34;155,93;124,14;49,63;56,13;48,45;53,56;55,08;54,98;-0,483378716
257;3571;3571;255;KOTA KEDIRI;56300;Jawa Timur;Kota Kediri;140,8;140,8;125,36;114,11;100,84;64,31;46,38;64,72;50,38;60,99;54,95;55,52;-0,049983742
258;3572;3572;256;KOTA BLITAR;56500;Jawa Timur;Kota Blitar;132;132;115,2;106,73;108,28;114,33;46,35;69,89;66,74;68,38;65,46;71,63;-0,505861924
259;3573;3573;257;KOTA MALANG;56100;Jawa Timur;Kota Malang;113,6;113,6;104,75;98,08;88,29;61,16;66,4;56,27;68,88;67,43;63,14;65,72;-0,221502288
260;3574;3574;258;KOTA PROBOLINGGO;56700;Jawa Timur;Kota Probolinggo;148,4;148,4;132,86;117,41;108,3;84,04;56,24;48,41;51,1;52,03;58,3;61,63;-0,745270441
261;3575;3575;259;KOTA PASURUAN;56600;Jawa Timur;Kota Pasuruan;158,4;158,4;137,24;129,28;116,95;86,04;57,88;64,92;52,57;61,35;53,45;55,42;0,496720591
262;3576;3576;260;KOTA MOJOKERTO;56400;Jawa Timur;Kota Mojokerto;142,8;142,8;142,8;132,92;135,88;142,8;54,89;63,43;50,87;60,85;58,53;58,23;-0,357812068
263;3577;3577;261;KOTA MADIUN;56200;Jawa Timur;Kota Madiun;136;136;126,95;141,7;130,84;98,23;52,84;61,61;63,42;65,55;60,58;53,29;0,558240085
264;3578;3578;262;KOTA SURABAYA;56000;Jawa Timur;Kota Surabaya;166,8;166,8;159,87;159,87;150,35;124,81;52,19;52,57;55,65;59,7;56,64;56,2;-0,35613036
265;3579;3579;263;KOTA BATU;56800;Jawa Timur;Kota Batu;134,4;134,4;117,32;107,7;98,56;69,88;58,85;65,61;63,53;66,5;69,67;61,35;-0,115969967
266;3601;3601;264;PANDEGLANG;280100;Banten;Pandeglang;215,2;215,2;215,2;177,46;177,46;92,18;0;48,2;49,91;54,47;50,73;56,79;-0,458480538
267;3602;3602;265;LEBAK;280200;Banten;Lebak;215,2;215,2;215,2;182,04;182,04;123,6;0;46,7;44,5;48,72;50,42;52,65;-0,47705186
268;3603;3603;266;TANGERANG;280300;Banten;Tangerang;185,63;185,63;170,15;146,93;146,93;91,98;0;47,2;50,37;51,8;50,63;48,37;-0,433056949
269;3604;3604;267;SERANG;280400;Banten;Serang;203,2;203,2;203,2;203,2;176,14;102,92;0;52,8;47,57;46,8;48,63;50,52;-0,283814743
270;3671;3671;268;KOTA TANGERANG;286100;Banten;Kota Tangerang;136;136;136;136;132,8;79,46;0;51,2;63,2;58,59;52,98;57,38;-0,220429454
271;3672;3672;269;KOTA CILEGON;286000;Banten;Kota Cilegon;182,4;164,32;147,21;128,15;121,23;103,72;0;48,1;55,62;51,32;52,55;52,68;-0,719045558
272;3673;3673;270;KOTA SERANG;286200;Banten;Kota Serang;184,8;168,56;168,56;168,56;168,56;127,38;0;58,6;58,29;52,93;57,45;51,78;-0,439568446
273;3674;3674;271;KOTA TANGERANG SELATAN;286300;Banten;Kota Tangerang Selatan;102,4;102,4;102,4;96,61;87,44;62,18;0;50;49,98;20,8;0;0;0,57042591
274;5101;5101;272;JEMBRANA;220200;Bali;Jembrana;179,2;179,2;168,18;160,41;152,62;134,94;0;59,1;62,7;52,41;53,14;55,65;-0,402861488
275;5102;5102;273;TABANAN;220300;Bali;Tabanan;174,4;171,65;160,22;153,27;153,27;121,93;0;58,5;59,67;56,53;57,13;58,29;-0,477826626
276;5103;5103;274;BADUNG;220400;Bali;Badung;124,09;115,52;106,93;101,81;101,81;106,75;0;60,1;66,04;61,33;60,86;64,9;-0,82127983
277;5104;5104;275;GIANYAR;220500;Bali;Gianyar;140,8;140,8;136,09;129,79;129,79;132,38;0;61,9;58,08;60,45;60,28;64,99;-0,562853266
278;5105;5105;276;KLUNGKUNG;220600;Bali;Klungkung;181,6;163,39;145,92;133,42;124,22;120,29;0;58,5;69,44;68,38;62,48;61,6;-0,761652206
279;5106;5106;277;BANGLI;220700;Bali;Bangli;152,8;152,8;144,18;139,46;133,69;116,88;0;50,4;51,78;49,78;50,6;53,51;-0,502320914
280;5107;5107;278;KARANG ASEM;220800;Bali;Karangasem;184;159,06;137,94;137,94;123,15;103,27;0;63,9;59,34;58,76;59,86;61,02;-0,731842383
281;5108;5108;279;BULELENG;220100;Bali;Buleleng;121,74;114,66;107,35;102,05;92,45;91,81;0;59,9;57,14;55,66;58,8;56,04;-0,659885124
282;5171;5171;280;KOTA DENPASAR;226000;Bali;Kota Denpasar;111,16;110,08;107,98;106,7;106,7;98,98;0;60,8;74,53;75,18;75,54;74,77;-0,559506086
283;5201;5201;281;LOMBOK BARAT;230100;Nusa Tenggara Barat;Lombok Barat;205,2;181,2;161,83;161,83;145,84;91,94;0;56,66;47,96;48,6;49,6;50,25;-0,55865627
284;5202;5202;282;LOMBOK TENGAH;230200;Nusa Tenggara Barat;Lombok Tengah;168,28;166,12;157,08;157,08;146,99;110,39;0;51,88;49,33;43,84;49,78;53,35;-0,463611686
285;5203;5203;283;LOMBOK TIMUR;230300;Nusa Tenggara Barat;Lombok Timur;172,76;157,06;142,75;142,75;137,88;102,02;0;56,89;55,59;50,6;55,39;56,65;-0,639325677
286;5204;5204;284;SUMBAWA;230400;Nusa Tenggara Barat;Sumbawa;150;150;150;150;150;0;0;51,78;47,68;51,62;51,48;56,18;-0,300343339
287;5205;5205;285;DOMPU;230500;Nusa Tenggara Barat;Dompu;123,12;111,36;111,36;111,36;107,21;113,55;0;53,76;49,1;46,31;50,63;51,98;-0,912127168
288;5206;5206;286;BIMA;230600;Nusa Tenggara Barat;Bima;139,36;137,43;129,95;129,95;129,72;140,44;0;52,01;45,64;45,65;48,91;51,97;-0,352066472
289;5207;5207;287;SUMBAWA BARAT;230700;Nusa Tenggara Barat;Sumbawa Barat;152,4;152,4;142,3;142,3;128,53;0;0;50,87;52,74;50,76;53,37;52,01;-0,276526976
290;5208;5208;288;LOMBOK UTARA;230800;Nusa Tenggara Barat;Lombok Utara;139;120,62;106,91;106,91;94,5;67,13;0;50,37;59,5;56,31;56,7;58,57;-0,725487745
291;5271;5271;289;KOTA MATARAM;236000;Nusa Tenggara Barat;Kota Mataram;96,68;96,68;88,95;88,95;90,03;0;0;64,16;63,5;68,69;63,47;65,03;-0,258268761
292;5272;5272;290;KOTA BIMA;236100;Nusa Tenggara Barat;Kota Bima;104,03;94,91;89,37;89,37;92,61;93,9;0;61,06;46,52;48,64;49,92;47,91;-0,807641866
304;5312;5301;291;SUMBA BARAT;241300;Nusa Tenggara Timur;Sumba Barat;128,4;128,4;128,4;128,4;128,4;119,01;0;41,4;32,6;30,8;33,9;35,3;-0,2105211
303;5311;5302;292;SUMBA TIMUR;241200;Nusa Tenggara Timur;Sumba Timur;145,2;145,2;145,2;145,2;145,2;127,99;0;33,1;41,3;33;32,7;34,9;-0,191694775
293;5301;5303;293;KUPANG;240100;Nusa Tenggara Timur;Kupang;185,2;168,48;168,48;168,48;173,5;0;0;38,3;32,8;35,6;33,2;38,6;-0,376508876
294;5302;5304;294;TIMOR TENGAH SELATAN;240300;Nusa Tenggara Timur;Timor Tengah Selatan;167,2;167,2;167,2;167,2;155,57;0;0;52,9;42,4;39,7;46,2;51,3;-0,329752434
295;5303;5305;295;TIMOR TENGAH UTARA;240400;Nusa Tenggara Timur;Timor Tengah Utara;132,4;132,4;132,4;132,4;132,4;0;0;46,9;44,9;35,3;42,9;36,4;-0,056067666
296;5304;5306;296;BELU;240500;Nusa Tenggara Timur;Belu;147,3;147,3;147,3;147,3;157,47;0;0;41,2;35,8;25,2;42,4;43,1;-0,318644019
297;5305;5307;297;ALOR;240600;Nusa Tenggara Timur;Alor;183,2;167,47;149,79;149,79;140,31;110,01;0;20,9;31,3;31,2;33,7;30,8;-0,761358922
305;5313;5308;298;LEMBATA;241400;Nusa Tenggara Timur;Lembata;149,6;149,6;149,6;149,6;149,6;101,83;0;35,6;26,2;30,8;35;44,6;-0,508239754
298;5306;5309;299;FLORES TIMUR;240700;Nusa Tenggara Timur;Flores Timur;152,8;152,8;152,8;152,8;152,8;0;0;34,4;32,4;33,4;26,1;22,7;0,080392875
299;5307;5310;300;SIKKA;240800;Nusa Tenggara Timur;Sikka;141,72;137,78;137,78;137,78;137,78;134,37;0;35,1;34,3;41,4;41,3;35;-0,747593805
300;5308;5311;301;ENDE;240900;Nusa Tenggara Timur;Ende;147,84;147,84;147,84;147,84;138,78;119,64;0;35,2;42,5;42;59;45,3;-0,3722579
301;5309;5312;302;NGADA;241000;Nusa Tenggara Timur;Ngada;116,83;115,7;115,7;115,7;128,63;0;0;50,3;45,7;51,5;48;41,6;-0,036772703
302;5310;5313;303;MANGGARAI;241100;Nusa Tenggara Timur;Manggarai;138,75;138,75;138,75;138,75;149,56;0;0;45,5;46,9;49,8;48,8;46,8;-0,159357335
306;5314;5314;304;ROTE NDAO;241500;Nusa Tenggara Timur;Rote Ndao;142,4;142,4;142,4;142,4;142,4;97,03;0;49,2;39,4;29,2;35,3;36,9;-0,152312014
307;5315;5315;305;MANGGARAI BARAT;241600;Nusa Tenggara Timur;Manggarai Barat;168,4;163,57;163,57;163,57;165,02;120,36;0;51,1;54,4;49,1;49,8;51,9;-0,309271776
309;5317;5316;306;SUMBA TENGAH;241800;Nusa Tenggara Timur;Sumba Tengah;118,8;118,8;118,8;118,8;118,8;101,32;0;20,9;38,6;40,7;41,9;38,3;-0,242635423
310;5318;5317;307;SUMBA BARAT DAYA;241900;Nusa Tenggara Timur;Sumba Barat Daya;138;138;138;138;138;0;0;26,2;26,3;24,4;33,7;37,2;-0,471559563
308;5316;5318;308;NAGEKEO;241700;Nusa Tenggara Timur;Nagekeo;156;156;156;156;156;0;0;36,3;38,2;37,8;40,2;40,5;-0,257797725
311;5319;5319;309;MANGGARAI TIMUR;242000;Nusa Tenggara Timur;Manggarai Timur;166,8;166,8;166,8;166,8;166,8;133,91;0;44,4;44,2;41,6;42,8;47,2;-0,284555632
312;5320;5320;310;SABU RAIJUA;242100;Nusa Tenggara Timur;Sabu Raijua;102,4;102,4;102,4;102,4;102,4;0;0;41,5;33,7;38;56,1;50,4;-0,342394341
313;5321;5321;311;MALAKA;242200;Nusa Tenggara Timur;Malaka;136,13;136,13;136,13;136,13;157,47;168,84;0;38,7;37,2;50,7;43,3;37,4;0,219707508
314;5371;5371;312;KOTA KUPANG;246000;Nusa Tenggara Timur;Kota Kupang;95,38;99,36;94,2;94,2;98,53;103,05;0;44,9;42,8;41,8;56,6;48;0,401931771
315;6101;6101;313;SAMBAS;130100;Kalimantan Barat;Sambas;180,4;172,2;172,2;172,2;172,2;112,9;0;23,54;24,94;26,2;27,16;25,78;-0,335660201
321;6107;6102;314;BENGKAYANG;130800;Kalimantan Barat;Bengkayang;153,95;134,33;134,33;134,33;117,31;140,27;0;28,18;29,98;28,37;29,99;29,72;-0,766826412
322;6108;6103;315;LANDAK;130900;Kalimantan Barat;Landak;107,13;100,64;100,64;100,64;109,93;114,89;0;37,96;35,86;37,33;41,02;34,11;-0,140792067
316;6102;6104;316;MEMPAWAH;130200;Kalimantan Barat;Mempawah;180,4;180,4;180,4;180,4;172,22;153,25;0;31,87;31,45;33,83;34,06;32,22;-0,261455215
317;6103;6105;317;SANGGAU;130300;Kalimantan Barat;Sanggau;131,6;131,6;131,6;131,6;131,6;113,65;0;25,63;28,04;26,03;23,65;26,88;-0,236222958
318;6104;6106;318;KETAPANG;130600;Kalimantan Barat;Ketapang;124,15;124,47;124,47;124,47;124,47;0;0;29,47;33,07;33,56;38,77;37,7;-0,299912634
319;6105;6107;319;SINTANG;130400;Kalimantan Barat;Sintang;125,56;123,26;123,26;123,26;123,26;156,4;0;25,12;28,61;26,68;26,89;28,67;0,196608926
320;6106;6108;320;KAPUAS HULU;130500;Kalimantan Barat;Kapuas Hulu;129,23;129,23;129,23;129,23;139,42;151,13;0;24,59;26,08;29,02;30,08;28,81;0,37618432
323;6109;6109;321;SEKADAU;131000;Kalimantan Barat;Sekadau;142;142;142;142;142;108,56;0;29,44;27,97;29,77;31,59;30,54;-0,226150591
324;6110;6110;322;MELAWI;131100;Kalimantan Barat;Melawi;132,4;132,4;132,4;132,4;132,4;132,4;0;24,02;26,95;27,88;30,72;29,26;NA
325;6111;6111;323;KAYONG UTARA;131200;Kalimantan Barat;Kayong Utara;168,4;168,4;168,4;168,4;167,26;111,61;0;26,5;27,65;31,71;37,17;33,61;-0,284092865
326;6112;6112;324;KUBU RAYA;131300;Kalimantan Barat;Kubu Raya;168,4;168,4;168,4;168,4;168,4;0;0;28,59;29,85;30,68;30,22;29,93;-0,202724904
327;6171;6171;325;KOTA PONTIANAK;136000;Kalimantan Barat;Kota Pontianak;92,87;85,66;85,66;85,66;85,66;0;0;32,33;27,5;37,14;36,97;34,51;-0,297361275
328;6172;6172;326;KOTA SINGKAWANG;136100;Kalimantan Barat;Kota Singkawang;144,19;145,82;145,82;145,82;155,47;178;0;32,06;33,76;38,72;38,05;36,6;0,353252384
329;6201;6201;327;KOTAWARINGIN BARAT;140500;Kalimantan Tengah;Kotawaringin Barat;144,4;144,4;144,4;144,4;133,58;92,74;0;32,23;29,65;33,89;38,22;28,68;-0,142066048
330;6202;6202;328;KOTAWARINGIN TIMUR;140400;Kalimantan Tengah;Kotawaringin Timur;156,4;156,4;156,4;156,4;156,4;103,91;0;33,22;28,69;29,71;29,39;28,96;-0,157209897
331;6203;6203;329;KAPUAS;140100;Kalimantan Tengah;Kapuas;123,33;123,33;123,33;123,33;140,09;126,29;0;41,09;32,82;33,05;31,83;34,89;0,134967101
332;6204;6204;330;BARITO SELATAN;140200;Kalimantan Tengah;Barito Selatan;120,4;120,4;120,4;120,4;120,4;90,87;0;33,62;28,64;30,6;26,94;30,93;-0,227420492
333;6205;6205;331;BARITO UTARA;140300;Kalimantan Tengah;Barito Utara;120,4;120,4;120,4;120,4;117,57;99,85;0;27,96;26,28;16,88;27,53;28,64;-0,367266533
336;6208;6206;332;SUKAMARA;140800;Kalimantan Tengah;Sukamara;144,4;144,4;144,4;144,4;144,4;130,8;0;23,69;28,87;22,52;32,75;35,81;-0,45463124
337;6209;6207;333;LAMANDAU;140900;Kalimantan Tengah;Lamandau;93,2;93,2;93,2;93,2;93,2;62,11;0;31,4;35,56;20,42;40,5;24,04;0,043500206
335;6207;6208;334;SERUYAN;140700;Kalimantan Tengah;Seruyan;144,4;144,4;144,4;144,4;144,4;117,32;0;22,37;24,74;21,72;24,57;26,19;-0,309638978
334;6206;6209;335;KATINGAN;140600;Kalimantan Tengah;Katingan;163,2;163,2;163,2;163,2;163,2;144,89;0;30,3;27,33;27,29;26,06;27,7;-0,196950693
339;6211;6210;336;PULANG PISAU;141100;Kalimantan Tengah;Pulang Pisau;168,4;168,4;168,4;168,4;146,47;81,99;0;32,33;30,59;30,95;29,62;31,91;-0,272837417
338;6210;6211;337;GUNUNG MAS;141000;Kalimantan Tengah;Gunung Mas;139,2;139,2;139,2;139,2;139,2;139,2;0;22,27;24,51;21,92;25,37;25,11;NA
340;6212;6212;338;BARITO TIMUR;141200;Kalimantan Tengah;Murung Raya;120,4;120,4;120,4;120,4;120,4;120,4;0;31,32;30,93;24,35;34,5;34,15;NA
341;6213;6213;339;MURUNG RAYA;141300;Kalimantan Tengah;Barito Timur;120,4;120,4;120,4;120,4;116,65;82,81;0;15,68;17,52;23,2;16,88;22,58;-0,395499587
344;6302;6302;340;KOTA BARU;150900;Kalimantan Selatan;Kotabaru;159,7;158,79;158,79;158,79;172,71;137,55;0;39,49;31,81;32,39;37,31;40,63;-0,173382701
345;6303;6303;341;BANJAR;150100;Kalimantan Selatan;Banjar;176,4;176,4;176,4;176,4;165,12;116,11;0;33,91;31,84;37,6;38,45;34,73;-0,239349891
346;6304;6304;342;BARITO KUALA;150300;Kalimantan Selatan;Barito Kuala;179,68;155,45;155,45;155,45;155,96;104,89;0;39,3;32,21;35,7;35,26;32,55;-0,489207806
347;6305;6305;343;TAPIN;150400;Kalimantan Selatan;Tapin;140,4;140,4;140,4;140,4;128,79;68,52;0;44,21;40,04;39,51;39,94;39,46;-0,197083885
348;6306;6306;344;HULU SUNGAI SELATAN;150500;Kalimantan Selatan;Hulu Sungai Selatan;152,4;152,4;152,4;152,4;150;120,96;0;44,65;40,37;43,78;43,21;46,19;-0,286407327
349;6307;6307;345;HULU SUNGAI TENGAH;150600;Kalimantan Selatan;Hulu Sungai Tengah;140,4;140,4;140,4;140,4;133,87;106,77;0;52,3;46,05;43,98;49,92;47,28;-0,235143514
350;6308;6308;346;HULU SUNGAI UTARA;150700;Kalimantan Selatan;Hulu Sungai Utara;128,4;128,4;128,4;128,4;126;120,4;0;39,69;52,66;54,46;45,88;46,18;-0,201556627
351;6309;6309;347;TABALONG;150800;Kalimantan Selatan;Tabalong;152,4;152,4;152,4;152,4;149,03;85,8;0;45,52;40,62;37,13;44,42;44,01;-0,258701241
352;6310;6310;348;TANAH BUMBU;151100;Kalimantan Selatan;Tanah Bumbu;155,6;155,6;155,6;155,6;143,94;81,39;0;49,19;46,02;41,44;38;40,03;-0,127625703
353;6311;6311;349;BALANGAN;151000;Kalimantan Selatan;Balangan;147,2;147,2;147,2;139,89;133,77;108,43;0;35,29;39,36;35,01;38,16;36,05;-0,299281854
354;6371;6371;350;KOTA BANJARMASIN;156000;Kalimantan Selatan;Kota Banjarmasin;96,4;96,4;96,4;96,4;96,4;55,38;0;41,3;43,25;39,95;38,97;32,79;-0,002388294
355;6372;6372;351;KOTA BANJAR BARU;156100;Kalimantan Selatan;Kota Banjarbaru;108;108;108;108;108;67,29;0;38,07;36,66;30,22;31,81;32,58;-0,150879976
356;6401;6401;352;PASER;160100;Kalimantan Timur;Paser;196,4;196,4;196,4;196,4;196,4;196,4;0;38,13;37,08;40,83;39,56;37,67;NA
359;6407;6402;353;KUTAI BARAT;160900;Kalimantan Timur;Kutai Barat;156,4;156,4;156,4;156,4;156,4;147,23;0;27,53;32,87;23,48;38,29;27,85;-0,105096565
357;6402;6403;354;KUTAI KARTANEGARA;160200;Kalimantan Timur;Kutai Kartanegara;129,84;124,79;124,79;119,16;119,16;113,17;0;46,34;38,65;34,72;37,79;37,86;-0,557672463
360;6408;6404;355;KUTAI TIMUR;161000;Kalimantan Timur;Kutai Timur;190;190;190;190;190;161,91;0;35,82;35,07;34,3;35,84;35,69;-0,211568897
358;6403;6405;356;BERAU;160300;Kalimantan Timur;Berau;202,4;202,4;202,4;202,4;202,4;155,64;0;30,34;35,08;36,14;38,85;35,07;-0,195542733
361;6409;6409;357;PENAJAM PASER UTARA;161100;Kalimantan Timur;Penajam Paser Utara;160,4;160,4;160,4;158,32;151,67;122,74;0;34,32;31,68;33,77;31,2;32,39;-0,243617291
362;6411;6411;358;MAHAKAM HULU;161200;Kalimantan Timur;Mahakam Ulu;156,4;156,4;156,4;156,4;156,4;156,4;0;20,5;32,35;23,29;40,14;24,29;NA
363;6471;6471;359;KOTA BALIKPAPAN;166100;Kalimantan Timur;Kota Balikpapan;108,14;108,14;108,14;108,14;123,46;81,24;0;30;29,77;35,46;34,49;34,66;-0,092889426
364;6472;6472;360;KOTA SAMARINDA;166000;Kalimantan Timur;Kota Samarinda;110,35;109,95;102,94;102,94;101,05;73,47;0;41,12;35,67;38,44;42,82;39,5;-0,359048151
365;6474;6474;361;KOTA BONTANG;166300;Kalimantan Timur;Kota Bontang;150;150;150;150;135,89;92,15;0;32,47;39,25;40,47;42,55;39,98;-0,306827417
367;6502;6501;362;MALINAU;340100;Kalimantan Utara;Malinau;124,4;124,4;124,4;124,4;155,85;0;0;30,69;33,39;32,03;29,76;35,07;-0,256545156
366;6501;6502;363;BULUNGAN;340200;Kalimantan Utara;Bulungan;184,4;184,4;184,4;184,4;173,85;0;0;33,17;29,14;33,42;32,9;34,79;-0,28921656
369;6504;6503;364;TANA TIDUNG;340300;Kalimantan Utara;Tana Tidung;174,8;174,8;174,8;174,8;169,79;169,86;0;30,02;25,91;25,56;28,01;30,35;-0,391795203
368;6503;6504;365;NUNUKAN;340500;Kalimantan Utara;Nunukan;173,2;169,32;169,32;169,32;170,49;0;0;33,89;35,7;37,05;36,85;36,62;-0,239032196
370;6571;6571;366;KOTA TARAKAN;346000;Kalimantan Utara;Kota Tarakan;122,9;115,18;115,18;115,18;115,18;107,69;0;31,07;39,47;19,04;26,15;31,36;-0,726629205
371;7101;7101;367;BOLAANG MONGONDOW;170100;Sulawesi Utara;Bolaang Mongondow;149,6;149,6;149,6;149,6;121,75;71,06;0;45,82;44,8;39,7;38,2;41,75;-0,221912428
372;7102;7102;368;MINAHASA;170200;Sulawesi Utara;Minahasa;212,4;205,5;205,5;205,5;199,4;180,88;0;58,18;43,38;45,26;47,91;47,96;-0,455924943
373;7103;7103;369;KEPULAUAN SANGIHE;170300;Sulawesi Utara;Kepulauan Sangihe;145,78;146,47;132,74;132,74;137,34;0;0;36,49;43,26;46,67;39,29;0;0,562958396
374;7104;7104;370;KEPULAUAN TALAUD;170400;Sulawesi Utara;Kepulauan Talaud;102,8;102,8;102,8;102,8;102,8;93,97;0;35,23;43,74;40,03;38,31;0;0,626739313
375;7105;7105;371;MINAHASA SELATAN;170500;Sulawesi Utara;Minahasa Selatan;164,47;143,59;143,59;143,59;134,8;126,73;0;42,49;43,33;34,83;36,58;42,14;-0,833091342
376;7106;7106;372;MINAHASA UTARA;170600;Sulawesi Utara;Minahasa Utara;138,99;119,84;119,84;119,84;125,31;134,42;0;40,75;46,12;40,85;40,07;41,44;-0,751176753
378;7108;7107;373;BOLAANG MONGONDOW UTARA;170800;Sulawesi Utara;Bolaang Mongondow Utara;144;144;144;144;144;144;0;44,42;45,04;40,87;31,57;39,72;NA
379;7109;7108;374;SIAU TAGULANDANG BIARO;170900;Sulawesi Utara;Kepulauan Siau Tagulandang Biaro;179,2;179,2;179,2;179,2;155,86;96,17;0;0;0;0;0;0;NA
377;7107;7109;375;MINAHASA TENGGARA;171000;Sulawesi Utara;Minahasa Tenggara;195,2;195,2;195,2;195,2;185,08;150,76;0;45,23;44,66;39,2;34,31;42,56;-0,237826844
381;7111;7110;376;BOLAANG MONGONDOW SELATAN;171200;Sulawesi Utara;Bolaang Mongondow Selatan;149,6;149,6;149,6;149,6;149,6;123,67;0;38;46,16;43,41;39,41;41,28;-0,186597058
380;7110;7111;377;BOLAANG MONGONDOW TIMUR;171100;Sulawesi Utara;Bolaang Mongondow Timur;157,6;157,6;157,6;157,6;148,45;104,28;0;41,57;44,61;43,62;43,2;46,85;-0,314083637
382;7171;7171;378;KOTA MANADO;176000;Sulawesi Utara;Kota Manado;113,67;107,89;107,89;107,89;100,26;69,23;0;33,51;37,94;0;0;0;0,321838908
383;7172;7172;379;KOTA BITUNG;176100;Sulawesi Utara;Kota Bitung;144,37;125,28;109,23;109,23;100,69;86,76;0;43,47;43,52;40,7;38,41;41,42;-0,737941058
384;7173;7173;380;KOTA TOMOHON;176200;Sulawesi Utara;Kota Tomohon;119,2;119,2;119,2;119,2;119,2;93,7;0;47,1;59,04;44,84;52,91;52,33;-0,219354838
385;7174;7174;381;KOTA KOTAMOBAGU;176300;Sulawesi Utara;Kota Kotamobagu;76;76;76;76;74,83;58,41;0;42,09;45,49;37,56;44,41;46,73;-0,310175534
392;7207;7201;382;BANGGAI KEPULAUAN;180100;Sulawesi Tengah;Banggai Kepulauan;163,2;163,2;163,2;163,2;163,2;163,2;0;46,05;45,4;45,23;37,54;34,06;NA
386;7201;7202;383;BANGGAI;180400;Sulawesi Tengah;Banggai;163,2;163,2;163,2;163,2;163,2;163,2;0;39,2;43,58;42,12;43,46;38,98;NA
391;7206;7203;384;MOROWALI;180700;Sulawesi Tengah;Morowali;177,2;177,2;173,8;173,8;174,82;177,2;0;43,09;42,76;45,6;50,7;42,71;-0,482246116
387;7202;7204;385;POSO;180300;Sulawesi Tengah;Poso;125;132,24;121,14;121,14;118,85;124,18;0;52,15;49,26;39,3;43,14;42,46;0,036866101
388;7203;7205;386;DONGGALA;180200;Sulawesi Tengah;Donggala;172,27;157,13;157,13;157,13;166,75;0;0;45,6;40,82;48,29;46,64;46,34;-0,290214858
389;7204;7206;387;TOLI-TOLI;180600;Sulawesi Tengah;Toli Toli;159,2;159,2;159,2;159,2;159,2;120,88;0;46,34;44,98;56,04;47,54;44,22;-0,107046495
390;7205;7207;388;BUOL;180500;Sulawesi Tengah;Buol;149,6;149,6;149,6;149,6;149,6;149,6;0;42,43;53,85;41,57;41,43;37,15;NA
393;7208;7208;389;PARIGI MOUTONG;180800;Sulawesi Tengah;Parigi Moutong;116,48;108,39;108,39;108,39;108,39;89,31;0;39,3;40,9;45,81;52,7;47,49;-0,569641107
394;7209;7209;390;TOJO UNA-UNA;180900;Sulawesi Tengah;Tojo Una Una;137,6;137,6;137,6;137,6;137,6;137,6;0;50,03;47,92;44,2;40,79;41,96;NA
395;7210;7210;391;SIGI;181000;Sulawesi Tengah;Sigi;49,79;52,16;48,13;48,13;51;56,76;0;45,36;43,71;44,81;50,55;48,49;0,254331085
396;7211;7211;392;BANGGAI LAUT;181100;Sulawesi Tengah;Banggai Laut;163,2;163,2;163,2;163,2;163,2;0;0;45,6;45,02;0;0;0;0,316218051
397;7212;7212;393;MOROWALI UTARA;181200;Sulawesi Tengah;Morowali Utara;177,2;177,2;177,2;177,2;174,82;177,2;0;0;0;44,17;44,42;40,67;-0,474144106
398;7271;7271;394;KOTA PALU;186000;Sulawesi Tengah;Kota Palu;162,7;162,7;162,7;162,7;168,25;112,17;0;42,91;42,64;43,89;45,72;45,6;-0,206453979
399;7301;7301;395;KEPULAUAN SELAYAR;191300;Sulawesi Selatan;Kepulauan Selayar;155,2;155,2;155,2;155,2;155,2;141,59;0;46,47;39,16;46,43;66,46;41,98;-0,042517879
400;7302;7302;396;BULUKUMBA;191100;Sulawesi Selatan;Bulukumba;163,2;163,2;163,2;163,2;163,2;163,2;0;50,62;46,28;43,09;49,2;48,44;NA
401;7303;7303;397;BANTAENG;191000;Sulawesi Selatan;Bantaeng;114,57;107,73;107,73;107,73;102,2;89,67;0;50,78;49,61;51,35;53,21;54,09;-0,611599024
402;7304;7304;398;JENEPONTO;190500;Sulawesi Selatan;Jeneponto;151,2;151,2;151,2;151,2;151,2;151,2;0;55,78;47,14;45,32;56,25;46,98;NA
403;7305;7305;399;TAKALAR;190400;Sulawesi Selatan;Takalar;135,04;135,04;135,04;135,04;131,33;121,53;0;42,45;43,4;38,61;36,84;41,74;-0,259474279
404;7306;7306;400;GOWA;190300;Sulawesi Selatan;Gowa;144,8;128,86;115,42;115,42;106,27;103,9;0;50,94;49,1;47,77;47,97;46,08;-0,774548453
405;7307;7307;401;SINJAI;191200;Sulawesi Selatan;Sinjai;165,6;165,6;165,6;165,6;165,6;165,6;0;49,22;43,99;44,34;45,75;45,57;NA
407;7309;7308;402;MAROS;190100;Sulawesi Selatan;Maros;168,4;157,93;157,93;157,93;157,93;128,04;0;46,36;46,99;44,14;51,27;48,91;-0,516628543
408;7310;7309;403;PANGKAJENE DAN KEPULAUAN;190200;Sulawesi Selatan;Pangkajene Kepulauan;168,4;168,4;168,4;168,4;168,4;168,4;0;43,97;46,18;49,54;48,34;44,46;NA
409;7311;7310;404;BARRU;190600;Sulawesi Selatan;Barru;180,4;180,4;180,4;180,4;162,65;118,52;0;53,79;58,32;61;57,16;60,81;-0,307750443
406;7308;7311;405;BONE;190700;Sulawesi Selatan;Bone;191,2;191,2;191,2;191,2;183,85;150,19;0;48,1;45,61;47,01;48,91;48,02;-0,259207212
410;7312;7312;406;SOPPENG;190900;Sulawesi Selatan;Soppeng;131,2;131,2;131,2;131,2;131,2;131,2;0;53,36;53,92;56,71;56,7;57,18;NA
411;7313;7313;407;WAJO;190800;Sulawesi Selatan;Wajo;179,2;179,2;179,2;179,2;179,2;179,2;0;46,05;48,46;43,73;50,13;52,01;NA
412;7314;7314;408;SIDENRENG RAPPANG;191500;Sulawesi Selatan;Sidenreng Rappang;119,2;119,2;119,2;119,2;119,2;119,2;0;58,27;55,33;49,91;53,67;56,72;NA
413;7315;7315;409;PINRANG;191400;Sulawesi Selatan;Pinrang;179,2;179,2;179,2;179,2;161,57;119,16;0;59,58;60,17;55,8;60,41;59,27;-0,275098378
414;7316;7316;410;ENREKANG;191600;Sulawesi Selatan;Enrekang;150;150;150;150;144,23;117,21;0;52,21;45,9;48,38;47,63;47,66;-0,217893007
415;7317;7317;411;LUWU;191700;Sulawesi Selatan;Luwu;203,2;192,23;192,23;192,23;187,71;188,41;0;48,98;54,9;48,57;51,48;54,86;-0,939239302
416;7318;7318;412;TANA TORAJA;191800;Sulawesi Selatan;Tana Toraja;150;150;150;150;150;150;0;43,77;43,88;47;47,53;43,69;NA
417;7322;7322;413;LUWU UTARA;192400;Sulawesi Selatan;Luwu Utara;202;185,25;185,25;185,25;169,57;121,03;0;47,6;46,09;39,53;51,33;50,46;-0,56692987
418;7324;7325;414;LUWU TIMUR;192600;Sulawesi Selatan;Luwu Timur;202;202;202;202;195,1;148,53;0;53,29;50,78;58,9;59,92;53,55;-0,202230037
419;7326;7326;415;TORAJA UTARA;192700;Sulawesi Selatan;Toraja Utara;150;150;150;150;150;150;0;40,25;45,3;43,78;43,73;42,48;NA
420;7371;7371;416;KOTA MAKASSAR;196000;Sulawesi Selatan;Kota Makassar;131,78;131,78;131,78;131,78;127,18;101,55;0;48,18;47,89;44,89;43,19;47,31;-0,248034824
421;7372;7372;417;KOTA PARE-PARE;196100;Sulawesi Selatan;Kota Pare Pare;155,2;155,2;155,2;155,2;155,2;133,99;0;57,55;46,06;43,52;43,66;48,28;-0,204632656
422;7373;7373;418;KOTA PALOPO;196200;Sulawesi Selatan;Kota Palopo;211,2;211,2;211,2;211,2;198,94;158,05;0;62,76;64,17;53,75;63,93;62,3;-0,277805684
426;7404;7401;419;BUTON;200300;Sulawesi Tenggara;Buton;164,4;155,93;155,93;155,93;158,47;149,33;0;36,48;34,11;28,06;35,92;36,16;-0,784427883
425;7403;7402;420;MUNA;200200;Sulawesi Tenggara;Muna;174,4;174,4;174,4;174,4;174,4;174,4;0;32,64;27,63;25,22;34,2;29,16;NA
424;7402;7403;421;KONAWE;200100;Sulawesi Tenggara;Konawe;153,19;153,19;153,19;153,19;159,31;0;0;37,36;38,27;40,08;38,53;39,64;-0,216740173
423;7401;7404;422;KOLAKA;200400;Sulawesi Tenggara;Kolaka;129,85;129,85;129,85;129,85;132,84;0;0;42,58;44,68;46,97;46,19;43,28;-0,153949466
427;7405;7405;423;KONAWE SELATAN;200500;Sulawesi Tenggara;Konawe Selatan;176,8;176,8;176,8;176,8;168,79;138,18;0;31,46;33,87;32,06;39,07;37,23;-0,358294099
428;7406;7406;424;BOMBANA;200700;Sulawesi Tenggara;Bombana;178,8;178,8;178,8;178,8;178,8;152,25;0;42,43;43,85;43,19;47,97;44,07;-0,192632214
429;7407;7407;425;WAKATOBI;200600;Sulawesi Tenggara;Wakatobi;135,6;135,6;135,6;135,6;135,6;135,6;0;0;0;0;0;0;NA
430;7408;7408;426;KOLAKA UTARA;200800;Sulawesi Tenggara;Kolaka Utara;153,2;151,32;151,32;151,32;151,89;153,2;0;39,39;41,68;43,85;40,14;39,26;-0,655132136
432;7410;7409;427;BUTON UTARA;201000;Sulawesi Tenggara;Buton Utara;169,6;169,6;169,6;169,6;169,6;129,06;0;36,34;29,77;31,26;35,85;31,5;-0,144631806
431;7409;7410;428;KONAWE UTARA;200900;Sulawesi Tenggara;Konawe Utara;172,4;172,4;172,4;172,4;162,39;139,82;0;28,95;36,71;33,93;35,2;40,43;-0,439225812
433;7411;7411;429;KOLAKA TIMUR;201100;Sulawesi Tenggara;Kolaka Timur;127,35;127,35;127,35;127,35;130,25;130,59;0;44,13;42,39;45,11;45,5;47,37;0,380886904
438;7471;7471;430;KOTA KENDARI;206000;Sulawesi Tenggara;Kota Kendari;141,47;128,44;128,44;128,44;116,5;81,06;0;35,64;39,37;33,3;33,02;37,63;-0,512541788
342;6271;6271;431;KOTA PALANGKA RAYA;146000;Kalimantan Tengah;Kota Palangkaraya;112,05;103,5;99,29;99,29;94,57;87,35;0;32,73;32,23;0;28,99;31,4;-0,563947214
343;6301;6301;432;TANAH LAUT;150200;Kalimantan Selatan;Tanah Laut;178;178;178;178;178;105,76;0;33,45;41,37;39,23;37,91;36,79;-0,167058099
439;7472;7472;433;KOTA BAUBAU;206100;Sulawesi Tenggara;Kota Bau Bau;194,8;194,8;194,8;194,8;194,8;194,8;0;37,89;44,14;37,2;40,83;43,45;NA
441;7502;7501;434;BOALEMO;300100;Gorontalo;Boalemo;122,4;122,4;122,4;122,4;122,4;103,62;0;42,06;43,79;44,81;45,78;47,2;-0,265113294
440;7501;7502;435;GORONTALO;300200;Gorontalo;Gorontalo;133,01;114,92;103,21;103,21;94,04;0;0;48,27;46,64;46,89;44,98;55,22;-0,572824544
443;7504;7503;436;POHUWATO;300300;Gorontalo;Pahuwato;161,6;161,6;161,6;161,6;161,6;161,6;0;50,79;52,58;47,67;54,3;47;NA
442;7503;7504;437;BONE BOLANGO;300400;Gorontalo;Bone Bolango;147,2;147,2;147,2;147,2;147,2;106,75;0;54,56;49,19;48,89;59,77;55,02;-0,230459208
444;7505;7505;438;GORONTALO UTARA;300500;Gorontalo;Gorontalo Utara;137,6;137,6;137,6;137,6;134,37;126,01;0;43,34;45,28;44,05;46,77;43,64;-0,249294165
445;7571;7571;439;KOTA GORONTALO;306000;Gorontalo;Kota Gorontalo;115,02;98,9;87,82;87,82;78,75;60,13;0;55,37;53,14;54,39;54,78;53,14;-0,695349387
450;7605;7601;440;MAJENE;330500;Sulawesi Barat;Majene;221,2;216,08;216,08;216,08;217,62;186,55;0;36,81;44,1;41,82;51,23;48,39;-0,41823773
449;7604;7602;441;POLEWALI MANDAR;330300;Sulawesi Barat;Polewali Mandar;141,48;140,81;140,81;140,81;140,81;124,13;0;54,93;51,07;59,33;56,75;58,63;-0,288386968
448;7603;7603;442;MAMASA;330400;Sulawesi Barat;Mamasa;154;154;154;154;147,02;0;0;43,44;40,04;42,32;40,68;40,05;-0,17259465
447;7602;7604;443;MAMUJU;330100;Sulawesi Barat;Mamuju;136,13;145,13;145,13;145,13;145,13;200,4;0;39,2;48,44;51,91;53,09;45,81;0,292638305
446;7601;7605;444;MAMUJU UTARA;330200;Sulawesi Barat;Pasangkayu;176,8;176,8;176,8;176,8;176,8;176,8;0;38,66;39,13;46,73;46,21;48,37;NA
451;7606;7606;445;MAMUJU TENGAH;330600;Sulawesi Barat;Mamuju Tengah;134,04;166,13;166,13;166,13;161,71;200,4;0;44,14;51,07;47,01;47,87;44,25;0,684108717
454;8103;8101;446;MALUKU TENGGARA BARAT;210400;Maluku;Kepulauan Tanimbar;181,2;181,2;181,2;181,2;181,2;181,2;0;27,45;28,06;12,32;38,6;21,3;NA
453;8102;8102;447;MALUKU TENGGARA;210200;Maluku;Maluku Tenggara;179,2;169;169;169;172,06;0;0;21,07;17,37;18,15;33,4;0;0,535684327
452;8101;8103;448;MALUKU TENGAH;210100;Maluku;Maluku Tengah;171,52;154,81;154,81;154,81;154,81;184,12;0;35,52;38,59;40,97;39,9;39,5;-0,333320427
455;8104;8104;449;BURU;210300;Maluku;Buru;129,58;133,55;136,55;136,55;135,08;179,6;0;43,51;38,22;37,52;42,3;38;0,254445843
458;8107;8105;450;KEPULAUAN ARU;210700;Maluku;Kepulauan Aru;186;186;186;186;186;0;0;0;0;0;0;0;NA
457;8106;8106;451;SERAM BAGIAN BARAT;210500;Maluku;Seram Bagian Barat;165,8;170,18;170,18;170,18;170,18;179,26;0;43,27;30,86;32,83;49,2;38,4;0,513974203
456;8105;8107;452;SERAM BAGIAN TIMUR;210600;Maluku;Seram Bagian Timur;104,37;114,73;114,73;114,73;125,19;0;0;39,93;37,37;35,73;37,7;39,8;-0,143788991
459;8108;8108;453;MALUKU BARAT DAYA;210800;Maluku;Maluku Barat Daya;223,2;223,2;223,2;223,2;223,2;201,32;0;40,16;17,2;18,33;33,5;0;0,536672925
460;8109;8109;454;BURU SELATAN;210900;Maluku;Buru Selatan;155,2;155,2;155,2;155,2;155,2;155,2;0;0;0;0;0;0;NA
461;8171;8171;455;KOTA AMBON;216000;Maluku;Kota Ambon;108,03;109,59;105,02;105,02;98,33;115,27;0;0;0;0;0;0;NA
462;8172;8172;456;KOTA TUAL;216100;Maluku;Kota Tual;168;168;168;168;168;0;0;0;0;0;0;24,1;-1
463;8201;8201;457;HALMAHERA BARAT;270300;Maluku Utara;Halmahera Barat;144,4;143,18;143,18;143,18;143,55;0;0;30;31,25;32,38;36,67;38,21;-0,357972428
464;8202;8202;458;HALMAHERA TENGAH;270200;Maluku Utara;Halmahera Tengah;75,2;75,2;75,2;75,2;75,2;0;0;45,57;40,29;38,18;35,41;33,07;-0,029561522
467;8205;8203;459;KEPULAUAN SULA;270700;Maluku Utara;Kepulauan Sula;152,93;152,37;152,37;152,37;157,17;0;0;31,78;23,64;33,21;29,62;39,69;-0,46715655
466;8204;8204;460;HALMAHERA SELATAN;270500;Maluku Utara;Halmahera Selatan;224,4;213,82;213,82;213,82;216,99;224,4;0;37,87;34,98;36,47;39,52;31,34;-0,703065583
465;8203;8205;461;HALMAHERA UTARA;270400;Maluku Utara;Halmahera Utara;184,04;170,58;162,74;162,74;155,67;140,85;0;38,75;29,46;35;39,53;37,1;-0,725981165
468;8206;8206;462;HALMAHERA TIMUR;270600;Maluku Utara;Halmahera Timur;173,2;173,2;173,2;173,2;173,2;173,2;0;32,25;33,69;49,23;33,35;38,52;NA
469;8207;8207;463;PULAU MOROTAI;270800;Maluku Utara;Pulau Morotai;120,69;119,61;118,44;118,44;120,36;129,24;0;19,08;30,82;34,11;47,76;40,26;0,247857338
470;8208;8208;464;PULAU TALIABU;270100;Maluku Utara;Pulau Taliabu;152,93;152,37;152,37;152,37;161,05;219,2;0;38,57;0;0;0;0;-0,232201568
471;8271;8271;465;KOTA TERNATE;276000;Maluku Utara;Kota Ternate;119,85;111,93;104,49;104,49;101,89;97,44;0;0;0;0;0;0;NA
472;8272;8272;466;KOTA TIDORE KEPULAUAN;276100;Maluku Utara;Kota Tidore Kepulauan;164,4;159,9;159,9;159,9;161,25;164,4;0;36;27,25;37,82;0;0;-0,83861395
504;9203;9101;467;FAK-FAK;320100;Papua Barat;Fak Fak;105,2;105,2;105,2;105,2;105,2;105,2;0;0;41,63;36,74;0;40,46;NA
509;9208;9102;468;KAIMANA;320200;Papua Barat;Kaimana;122;122;122;122;122;122;0;0;0;0;0;0;NA
508;9207;9103;469;TELUK WONDAMA;320300;Papua Barat;Teluk Wondama;147,2;147,2;147,2;147,2;143,74;0;0;30;42,66;32,12;38,91;37,72;-0,243879937
507;9206;9104;470;TELUK BINTUNI;320400;Papua Barat;Teluk Bintuni;166,8;166,8;166,8;166,8;166,8;0;0;23,03;35,81;35,28;37,9;39,15;-0,344106683
503;9202;9105;471;MANOKWARI;320500;Papua Barat;Manokwari;144,77;146,96;146,96;146,96;146,96;0;0;28,49;41,79;32,9;40,48;44,24;-0,372193961
505;9204;9106;472;SORONG SELATAN;320600;Papua Barat;Sorong Selatan;178,8;178,8;178,8;178,8;178,8;178,8;0;0;48,98;0;39,1;41,63;NA
502;9201;9107;473;SORONG;320700;Papua Barat;Sorong;183,2;183,2;183,2;183,2;183,2;0;0;34,18;34,4;24,05;33,66;37,75;-0,360030309
506;9205;9108;474;RAJA AMPAT;320800;Papua Barat;Raja Ampat;136,86;135,75;135,75;135,75;153,91;0;0;30;41,63;27,16;27,67;31,45;-0,175349787
510;9209;9109;475;TAMBRAUW;320500;Papua Barat;Tambrauw;118,4;118,4;118,4;118,4;118,4;0;0;0;0;0;0;0;NA
511;9210;9110;476;MAYBRAT;321000;Papua Barat;Maybrat;88;88;88;88;88;0;0;0;0;0;0;0;NA
512;9211;9111;477;MANOKWARI SELATAN;321200;Papua Barat;Manokwari Selatan;125,45;152,06;152,06;152,06;160,35;191,6;0;28,8;53,77;36,58;55,42;49,56;0,726243757
513;9212;9112;478;PEGUNUNGAN ARFAK;321100;Papua Barat;Pegunungan Arfak;125,45;152,06;152,06;152,06;160,35;0;0;0;0;0;0;0;NA
514;9271;9171;479;KOTA SORONG;326000;Papua Barat;Kota Sorong;181,78;176,25;176,25;176,25;176,25;0;0;0;0;0;0;0;NA
473;9101;9401;480;MERAUKE;250700;Papua;Merauke;170;170;170;170;170;0;0;42,62;43,77;31,4;44,27;39,08;-0,159172094
474;9102;9402;481;JAYAWIJAYA;250800;Papua;Jayawijaya;115,2;115,2;115,2;115,2;115,2;0;0;40,65;37,86;31,32;34,21;38,42;-0,257124154
475;9103;9403;482;JAYAPURA;250100;Papua;Jayapura;203,2;203,2;203,2;203,2;203,2;0;0;40,84;39,29;33,62;43,22;28,28;0,079145312
476;9104;9404;483;NABIRE;250900;Papua;Nabire;168,38;162,06;162,06;162,06;162,06;0;0;41,74;41,44;31,89;41,91;40,64;-0,263216813
477;9105;9408;484;KEPULAUAN YAPEN;250300;Papua;Kepulauan Yapen;85;83,48;83,48;83,48;83,48;0;0;0;0;0;0;0;NA
478;9106;9409;485;BIAK NUMFOR;250200;Papua;Biak Numfor;138,4;138,4;138,4;138,4;138,4;0;0;0;0;0;0;0;NA
480;9108;9410;486;PANIAI;251000;Papua;Paniai;116,8;116,8;116,8;116,8;116,8;0;0;0;0;0;0;0;NA
479;9107;9411;487;PUNCAK JAYA;251100;Papua;Puncak Jaya;117,2;117,2;117,2;117,2;117,2;0;0;0;0;0;0;0;NA
481;9109;9412;488;MIMIKA;251200;Papua;Mimika;138,8;138,8;138,8;138,8;138,8;0;0;40,96;35,41;33,46;0;0;0,443882794
488;9116;9413;489;BOVEN DIGOEL;251300;Papua;Boven Digoel;133,2;133,2;133,2;133,2;133,2;0;0;0;0;46,82;41,14;36,03;-0,328798241
489;9117;9414;490;MAPPI;251400;Papua;Mappi;126,4;126,4;126,4;126,4;126,4;0;0;0;27,14;36,1;0;0;0,311571705
490;9118;9415;491;ASMAT;251500;Papua;Asmat;123,2;123,2;123,2;123,2;123,2;0;0;0;0;0;0;0;NA
485;9113;9416;492;YAHUKIMO;251600;Papua;Yahukimo;132,8;132,8;132,8;132,8;132,8;0;0;0;0;0;0;0;NA
484;9112;9417;493;PEGUNUNGAN BINTANG;251700;Papua;Pegunungan Bintang;126,4;126,4;126,4;126,4;126,4;0;0;0;0;0;0;0;NA
495;9123;9430;494;LANNY JAYA;253000;Papua;Lanny Jaya;91,2;91,2;91,2;91,2;91,2;0;0;0;0;0;0;0;NA
486;9114;9418;495;TOLIKARA;251800;Papua;Tolikara;114;114;114;114;114;0;0;0;0;0;0;0;NA
482;9110;9419;496;SARMI;251900;Papua;Sarmi;171,6;166,98;166,98;166,98;166,98;0;0;43,53;41,84;31,5;37,54;37,18;-0,18439083
483;9111;9420;497;KEEROM;252000;Papua;Keerom;127,2;127,2;127,2;127,2;127,2;127,2;0;41,8;36,91;36,33;42,68;36,86;NA
487;9115;9426;498;WAROPEN;252600;Papua;Waropen;140;140;140;140;140;0;0;35,89;45;34,13;43,89;38,55;-0,165597589
491;9119;9427;499;SUPIORI;252700;Papua;Supiori;92,4;92,4;92,4;92,4;92,4;0;0;0;0;0;0;0;NA
492;9120;9428;500;MAMBERAMO RAYA;252800;Papua;Mamberamo Raya;165,6;165,6;165,6;165,6;165,6;0;0;0;0;0;0;0;NA
496;9124;9429;501;NDUGA;252900;Papua;Nduga;96,4;96,4;96,4;96,4;96,4;0;0;0;0;0;0;0;NA
499;9127;9435;502;INTAN JAYA;253600;Papua;Intan Jaya;67,2;67,2;67,2;67,2;67,2;0;0;0;0;0;0;0;NA
500;9128;9436;503;DEIYAI;253500;Papua;Deiyai;108,4;108,4;108,4;108,4;108,4;0;0;0;0;0;0;0;NA
501;9171;9471;504;KOTA JAYAPURA;256000;Papua;Kota Jayapura;155,59;143,94;143,94;143,94;128,86;80,66;0;43,59;40,38;31,33;35,86;37,3;-0,375504493
493;9121;9431;505;MAMBERAMO TENGAH;253100;Papua;Mamberamo Tengah;44,8;44,8;44,8;44,8;44,8;0;0;0;0;0;0;0;NA
494;9122;9432;506;YALIMO;253200;Papua;Yalimo;95,6;95,6;95,6;95,6;95,6;0;0;0;0;0;0;0;NA
497;9125;9433;507;PUNCAK;253300;Papua;Puncak;99,6;99,6;99,6;99,6;99,6;0;0;0;0;0;0;0;NA
498;9126;9434;508;DOGIYAI;253400;Papua;Dogiyai;123,6;123,6;123,6;123,6;123,6;0;0;0;0;0;0;0;NA
436;7414;7414;509;BUTON TENGAH;201600;Sulawesi Tenggara;Buton Tengah;164,4;155,93;155,93;155,93;158,47;164,4;0;0;0;0;40,52;31,07;0,342854619
437;7415;7415;510;BUTON SELATAN;201400;Sulawesi Tenggara;Buton Selatan;164,4;155,93;155,93;155,93;158,47;0;0;20;27,12;23,3;33,43;0;0,567782475
434;7412;7412;511;KONAWE KEPULAUAN;201200;Sulawesi Tenggara;Konawe Kepulauan;146,52;146,52;146,52;146,52;159,31;0;0;37,59;38,3;38,7;41,99;35,54;-0,080336383
435;7413;7413;512;MUNA BARAT;201300;Sulawesi Tenggara;Muna Barat;174,4;174,4;174,4;174,4;174,4;174,4;0;33,22;35,8;35,14;38,45;35,54;NA
10;1110;1102;513;ACEH SINGKIL;61300;Aceh;Aceh Singkil;178;178;178;178;178;178;0;56,16;55,38;50,97;51,76;54,16;NA
